signal_id,signal_path,modulation1,modulation2,modulation_idx1,modulation_idx2,snr_db,alpha,is_dual_component,is_same_modulation,one_hot_label
SFM_BPSK_000_000_-12dB,dual/train/signals/SFM_BPSK_000_000_-12dB.npy,SFM,BPSK,5,8,-12,0.36080676340107476,1,0,"[0, 0, 0, 0, 0, 1, 0, 0, 1, 0, 0, 0, 0, 0, 0, 1]"
SFM_BPSK_000_000_-06dB,dual/train/signals/SFM_BPSK_000_000_-06dB.npy,SFM,BPSK,5,8,-6,0.36080676340107476,1,0,"[0, 0, 0, 0, 0, 1, 0, 0, 1, 0, 0, 0, 0, 0, 0, 1]"
SFM_BPSK_000_000_+00dB,dual/train/signals/SFM_BPSK_000_000_+00dB.npy,SFM,BPSK,5,8,0,0.36080676340107476,1,0,"[0, 0, 0, 0, 0, 1, 0, 0, 1, 0, 0, 0, 0, 0, 0, 1]"
SFM_BPSK_000_000_+06dB,dual/train/signals/SFM_BPSK_000_000_+06dB.npy,SFM,BPSK,5,8,6,0.36080676340107476,1,0,"[0, 0, 0, 0, 0, 1, 0, 0, 1, 0, 0, 0, 0, 0, 0, 1]"
SFM_BPSK_000_000_+12dB,dual/train/signals/SFM_BPSK_000_000_+12dB.npy,SFM,BPSK,5,8,12,0.36080676340107476,1,0,"[0, 0, 0, 0, 0, 1, 0, 0, 1, 0, 0, 0, 0, 0, 0, 1]"
SFM_BPSK_000_000_+18dB,dual/train/signals/SFM_BPSK_000_000_+18dB.npy,SFM,BPSK,5,8,18,0.36080676340107476,1,0,"[0, 0, 0, 0, 0, 1, 0, 0, 1, 0, 0, 0, 0, 0, 0, 1]"
SFM_BPSK_000_001_-12dB,dual/train/signals/SFM_BPSK_000_001_-12dB.npy,SFM,BPSK,5,8,-12,0.3439602468128843,1,0,"[0, 0, 0, 0, 0, 1, 0, 0, 1, 0, 0, 0, 0, 0, 0, 1]"
SFM_BPSK_000_001_-06dB,dual/train/signals/SFM_BPSK_000_001_-06dB.npy,SFM,BPSK,5,8,-6,0.3439602468128843,1,0,"[0, 0, 0, 0, 0, 1, 0, 0, 1, 0, 0, 0, 0, 0, 0, 1]"
SFM_BPSK_000_001_+00dB,dual/train/signals/SFM_BPSK_000_001_+00dB.npy,SFM,BPSK,5,8,0,0.3439602468128843,1,0,"[0, 0, 0, 0, 0, 1, 0, 0, 1, 0, 0, 0, 0, 0, 0, 1]"
SFM_BPSK_000_001_+06dB,dual/train/signals/SFM_BPSK_000_001_+06dB.npy,SFM,BPSK,5,8,6,0.3439602468128843,1,0,"[0, 0, 0, 0, 0, 1, 0, 0, 1, 0, 0, 0, 0, 0, 0, 1]"
SFM_BPSK_000_001_+12dB,dual/train/signals/SFM_BPSK_000_001_+12dB.npy,SFM,BPSK,5,8,12,0.3439602468128843,1,0,"[0, 0, 0, 0, 0, 1, 0, 0, 1, 0, 0, 0, 0, 0, 0, 1]"
SFM_BPSK_000_001_+18dB,dual/train/signals/SFM_BPSK_000_001_+18dB.npy,SFM,BPSK,5,8,18,0.3439602468128843,1,0,"[0, 0, 0, 0, 0, 1, 0, 0, 1, 0, 0, 0, 0, 0, 0, 1]"
SFM_BPSK_000_002_-12dB,dual/train/signals/SFM_BPSK_000_002_-12dB.npy,SFM,BPSK,5,8,-12,0.44352513803376714,1,0,"[0, 0, 0, 0, 0, 1, 0, 0, 1, 0, 0, 0, 0, 0, 0, 1]"
SFM_BPSK_000_002_-06dB,dual/train/signals/SFM_BPSK_000_002_-06dB.npy,SFM,BPSK,5,8,-6,0.44352513803376714,1,0,"[0, 0, 0, 0, 0, 1, 0, 0, 1, 0, 0, 0, 0, 0, 0, 1]"
SFM_BPSK_000_002_+00dB,dual/train/signals/SFM_BPSK_000_002_+00dB.npy,SFM,BPSK,5,8,0,0.44352513803376714,1,0,"[0, 0, 0, 0, 0, 1, 0, 0, 1, 0, 0, 0, 0, 0, 0, 1]"
SFM_BPSK_000_002_+06dB,dual/train/signals/SFM_BPSK_000_002_+06dB.npy,SFM,BPSK,5,8,6,0.44352513803376714,1,0,"[0, 0, 0, 0, 0, 1, 0, 0, 1, 0, 0, 0, 0, 0, 0, 1]"
SFM_BPSK_000_002_+12dB,dual/train/signals/SFM_BPSK_000_002_+12dB.npy,SFM,BPSK,5,8,12,0.44352513803376714,1,0,"[0, 0, 0, 0, 0, 1, 0, 0, 1, 0, 0, 0, 0, 0, 0, 1]"
SFM_BPSK_000_002_+18dB,dual/train/signals/SFM_BPSK_000_002_+18dB.npy,SFM,BPSK,5,8,18,0.44352513803376714,1,0,"[0, 0, 0, 0, 0, 1, 0, 0, 1, 0, 0, 0, 0, 0, 0, 1]"
SFM_BPSK_000_003_-12dB,dual/train/signals/SFM_BPSK_000_003_-12dB.npy,SFM,BPSK,5,8,-12,0.4370342768103095,1,0,"[0, 0, 0, 0, 0, 1, 0, 0, 1, 0, 0, 0, 0, 0, 0, 1]"
SFM_BPSK_000_003_-06dB,dual/train/signals/SFM_BPSK_000_003_-06dB.npy,SFM,BPSK,5,8,-6,0.4370342768103095,1,0,"[0, 0, 0, 0, 0, 1, 0, 0, 1, 0, 0, 0, 0, 0, 0, 1]"
SFM_BPSK_000_003_+00dB,dual/train/signals/SFM_BPSK_000_003_+00dB.npy,SFM,BPSK,5,8,0,0.4370342768103095,1,0,"[0, 0, 0, 0, 0, 1, 0, 0, 1, 0, 0, 0, 0, 0, 0, 1]"
SFM_BPSK_000_003_+06dB,dual/train/signals/SFM_BPSK_000_003_+06dB.npy,SFM,BPSK,5,8,6,0.4370342768103095,1,0,"[0, 0, 0, 0, 0, 1, 0, 0, 1, 0, 0, 0, 0, 0, 0, 1]"
SFM_BPSK_000_003_+12dB,dual/train/signals/SFM_BPSK_000_003_+12dB.npy,SFM,BPSK,5,8,12,0.4370342768103095,1,0,"[0, 0, 0, 0, 0, 1, 0, 0, 1, 0, 0, 0, 0, 0, 0, 1]"
SFM_BPSK_000_003_+18dB,dual/train/signals/SFM_BPSK_000_003_+18dB.npy,SFM,BPSK,5,8,18,0.4370342768103095,1,0,"[0, 0, 0, 0, 0, 1, 0, 0, 1, 0, 0, 0, 0, 0, 0, 1]"
SFM_BPSK_000_004_-12dB,dual/train/signals/SFM_BPSK_000_004_-12dB.npy,SFM,BPSK,5,8,-12,0.31070784308702243,1,0,"[0, 0, 0, 0, 0, 1, 0, 0, 1, 0, 0, 0, 0, 0, 0, 1]"
SFM_BPSK_000_004_-06dB,dual/train/signals/SFM_BPSK_000_004_-06dB.npy,SFM,BPSK,5,8,-6,0.31070784308702243,1,0,"[0, 0, 0, 0, 0, 1, 0, 0, 1, 0, 0, 0, 0, 0, 0, 1]"
SFM_BPSK_000_004_+00dB,dual/train/signals/SFM_BPSK_000_004_+00dB.npy,SFM,BPSK,5,8,0,0.31070784308702243,1,0,"[0, 0, 0, 0, 0, 1, 0, 0, 1, 0, 0, 0, 0, 0, 0, 1]"
SFM_BPSK_000_004_+06dB,dual/train/signals/SFM_BPSK_000_004_+06dB.npy,SFM,BPSK,5,8,6,0.31070784308702243,1,0,"[0, 0, 0, 0, 0, 1, 0, 0, 1, 0, 0, 0, 0, 0, 0, 1]"
SFM_BPSK_000_004_+12dB,dual/train/signals/SFM_BPSK_000_004_+12dB.npy,SFM,BPSK,5,8,12,0.31070784308702243,1,0,"[0, 0, 0, 0, 0, 1, 0, 0, 1, 0, 0, 0, 0, 0, 0, 1]"
SFM_BPSK_000_004_+18dB,dual/train/signals/SFM_BPSK_000_004_+18dB.npy,SFM,BPSK,5,8,18,0.31070784308702243,1,0,"[0, 0, 0, 0, 0, 1, 0, 0, 1, 0, 0, 0, 0, 0, 0, 1]"
SFM_BPSK_000_005_-12dB,dual/train/signals/SFM_BPSK_000_005_-12dB.npy,SFM,BPSK,5,8,-12,0.3956510018083005,1,0,"[0, 0, 0, 0, 0, 1, 0, 0, 1, 0, 0, 0, 0, 0, 0, 1]"
SFM_BPSK_000_005_-06dB,dual/train/signals/SFM_BPSK_000_005_-06dB.npy,SFM,BPSK,5,8,-6,0.3956510018083005,1,0,"[0, 0, 0, 0, 0, 1, 0, 0, 1, 0, 0, 0, 0, 0, 0, 1]"
SFM_BPSK_000_005_+00dB,dual/train/signals/SFM_BPSK_000_005_+00dB.npy,SFM,BPSK,5,8,0,0.3956510018083005,1,0,"[0, 0, 0, 0, 0, 1, 0, 0, 1, 0, 0, 0, 0, 0, 0, 1]"
SFM_BPSK_000_005_+06dB,dual/train/signals/SFM_BPSK_000_005_+06dB.npy,SFM,BPSK,5,8,6,0.3956510018083005,1,0,"[0, 0, 0, 0, 0, 1, 0, 0, 1, 0, 0, 0, 0, 0, 0, 1]"
SFM_BPSK_000_005_+12dB,dual/train/signals/SFM_BPSK_000_005_+12dB.npy,SFM,BPSK,5,8,12,0.3956510018083005,1,0,"[0, 0, 0, 0, 0, 1, 0, 0, 1, 0, 0, 0, 0, 0, 0, 1]"
SFM_BPSK_000_005_+18dB,dual/train/signals/SFM_BPSK_000_005_+18dB.npy,SFM,BPSK,5,8,18,0.3956510018083005,1,0,"[0, 0, 0, 0, 0, 1, 0, 0, 1, 0, 0, 0, 0, 0, 0, 1]"
SFM_BPSK_000_006_-12dB,dual/train/signals/SFM_BPSK_000_006_-12dB.npy,SFM,BPSK,5,8,-12,0.2789647681844079,1,0,"[0, 0, 0, 0, 0, 1, 0, 0, 1, 0, 0, 0, 0, 0, 0, 1]"
SFM_BPSK_000_006_-06dB,dual/train/signals/SFM_BPSK_000_006_-06dB.npy,SFM,BPSK,5,8,-6,0.2789647681844079,1,0,"[0, 0, 0, 0, 0, 1, 0, 0, 1, 0, 0, 0, 0, 0, 0, 1]"
SFM_BPSK_000_006_+00dB,dual/train/signals/SFM_BPSK_000_006_+00dB.npy,SFM,BPSK,5,8,0,0.2789647681844079,1,0,"[0, 0, 0, 0, 0, 1, 0, 0, 1, 0, 0, 0, 0, 0, 0, 1]"
SFM_BPSK_000_006_+06dB,dual/train/signals/SFM_BPSK_000_006_+06dB.npy,SFM,BPSK,5,8,6,0.2789647681844079,1,0,"[0, 0, 0, 0, 0, 1, 0, 0, 1, 0, 0, 0, 0, 0, 0, 1]"
SFM_BPSK_000_006_+12dB,dual/train/signals/SFM_BPSK_000_006_+12dB.npy,SFM,BPSK,5,8,12,0.2789647681844079,1,0,"[0, 0, 0, 0, 0, 1, 0, 0, 1, 0, 0, 0, 0, 0, 0, 1]"
SFM_BPSK_000_006_+18dB,dual/train/signals/SFM_BPSK_000_006_+18dB.npy,SFM,BPSK,5,8,18,0.2789647681844079,1,0,"[0, 0, 0, 0, 0, 1, 0, 0, 1, 0, 0, 0, 0, 0, 0, 1]"
SFM_BPSK_000_007_-12dB,dual/train/signals/SFM_BPSK_000_007_-12dB.npy,SFM,BPSK,5,8,-12,0.36933016231061955,1,0,"[0, 0, 0, 0, 0, 1, 0, 0, 1, 0, 0, 0, 0, 0, 0, 1]"
SFM_BPSK_000_007_-06dB,dual/train/signals/SFM_BPSK_000_007_-06dB.npy,SFM,BPSK,5,8,-6,0.36933016231061955,1,0,"[0, 0, 0, 0, 0, 1, 0, 0, 1, 0, 0, 0, 0, 0, 0, 1]"
SFM_BPSK_000_007_+00dB,dual/train/signals/SFM_BPSK_000_007_+00dB.npy,SFM,BPSK,5,8,0,0.36933016231061955,1,0,"[0, 0, 0, 0, 0, 1, 0, 0, 1, 0, 0, 0, 0, 0, 0, 1]"
SFM_BPSK_000_007_+06dB,dual/train/signals/SFM_BPSK_000_007_+06dB.npy,SFM,BPSK,5,8,6,0.36933016231061955,1,0,"[0, 0, 0, 0, 0, 1, 0, 0, 1, 0, 0, 0, 0, 0, 0, 1]"
SFM_BPSK_000_007_+12dB,dual/train/signals/SFM_BPSK_000_007_+12dB.npy,SFM,BPSK,5,8,12,0.36933016231061955,1,0,"[0, 0, 0, 0, 0, 1, 0, 0, 1, 0, 0, 0, 0, 0, 0, 1]"
SFM_BPSK_000_007_+18dB,dual/train/signals/SFM_BPSK_000_007_+18dB.npy,SFM,BPSK,5,8,18,0.36933016231061955,1,0,"[0, 0, 0, 0, 0, 1, 0, 0, 1, 0, 0, 0, 0, 0, 0, 1]"
SFM_BPSK_001_000_-12dB,dual/train/signals/SFM_BPSK_001_000_-12dB.npy,SFM,BPSK,5,8,-12,0.30340061014663317,1,0,"[0, 0, 0, 0, 0, 1, 0, 0, 1, 0, 0, 0, 0, 0, 0, 1]"
SFM_BPSK_001_000_-06dB,dual/train/signals/SFM_BPSK_001_000_-06dB.npy,SFM,BPSK,5,8,-6,0.30340061014663317,1,0,"[0, 0, 0, 0, 0, 1, 0, 0, 1, 0, 0, 0, 0, 0, 0, 1]"
SFM_BPSK_001_000_+00dB,dual/train/signals/SFM_BPSK_001_000_+00dB.npy,SFM,BPSK,5,8,0,0.30340061014663317,1,0,"[0, 0, 0, 0, 0, 1, 0, 0, 1, 0, 0, 0, 0, 0, 0, 1]"
SFM_BPSK_001_000_+06dB,dual/train/signals/SFM_BPSK_001_000_+06dB.npy,SFM,BPSK,5,8,6,0.30340061014663317,1,0,"[0, 0, 0, 0, 0, 1, 0, 0, 1, 0, 0, 0, 0, 0, 0, 1]"
SFM_BPSK_001_000_+12dB,dual/train/signals/SFM_BPSK_001_000_+12dB.npy,SFM,BPSK,5,8,12,0.30340061014663317,1,0,"[0, 0, 0, 0, 0, 1, 0, 0, 1, 0, 0, 0, 0, 0, 0, 1]"
SFM_BPSK_001_000_+18dB,dual/train/signals/SFM_BPSK_001_000_+18dB.npy,SFM,BPSK,5,8,18,0.30340061014663317,1,0,"[0, 0, 0, 0, 0, 1, 0, 0, 1, 0, 0, 0, 0, 0, 0, 1]"
SFM_BPSK_001_001_-12dB,dual/train/signals/SFM_BPSK_001_001_-12dB.npy,SFM,BPSK,5,8,-12,0.3353557198110758,1,0,"[0, 0, 0, 0, 0, 1, 0, 0, 1, 0, 0, 0, 0, 0, 0, 1]"
SFM_BPSK_001_001_-06dB,dual/train/signals/SFM_BPSK_001_001_-06dB.npy,SFM,BPSK,5,8,-6,0.3353557198110758,1,0,"[0, 0, 0, 0, 0, 1, 0, 0, 1, 0, 0, 0, 0, 0, 0, 1]"
SFM_BPSK_001_001_+00dB,dual/train/signals/SFM_BPSK_001_001_+00dB.npy,SFM,BPSK,5,8,0,0.3353557198110758,1,0,"[0, 0, 0, 0, 0, 1, 0, 0, 1, 0, 0, 0, 0, 0, 0, 1]"
SFM_BPSK_001_001_+06dB,dual/train/signals/SFM_BPSK_001_001_+06dB.npy,SFM,BPSK,5,8,6,0.3353557198110758,1,0,"[0, 0, 0, 0, 0, 1, 0, 0, 1, 0, 0, 0, 0, 0, 0, 1]"
SFM_BPSK_001_001_+12dB,dual/train/signals/SFM_BPSK_001_001_+12dB.npy,SFM,BPSK,5,8,12,0.3353557198110758,1,0,"[0, 0, 0, 0, 0, 1, 0, 0, 1, 0, 0, 0, 0, 0, 0, 1]"
SFM_BPSK_001_001_+18dB,dual/train/signals/SFM_BPSK_001_001_+18dB.npy,SFM,BPSK,5,8,18,0.3353557198110758,1,0,"[0, 0, 0, 0, 0, 1, 0, 0, 1, 0, 0, 0, 0, 0, 0, 1]"
SFM_BPSK_001_002_-12dB,dual/train/signals/SFM_BPSK_001_002_-12dB.npy,SFM,BPSK,5,8,-12,0.3934149323473154,1,0,"[0, 0, 0, 0, 0, 1, 0, 0, 1, 0, 0, 0, 0, 0, 0, 1]"
SFM_BPSK_001_002_-06dB,dual/train/signals/SFM_BPSK_001_002_-06dB.npy,SFM,BPSK,5,8,-6,0.3934149323473154,1,0,"[0, 0, 0, 0, 0, 1, 0, 0, 1, 0, 0, 0, 0, 0, 0, 1]"
SFM_BPSK_001_002_+00dB,dual/train/signals/SFM_BPSK_001_002_+00dB.npy,SFM,BPSK,5,8,0,0.3934149323473154,1,0,"[0, 0, 0, 0, 0, 1, 0, 0, 1, 0, 0, 0, 0, 0, 0, 1]"
SFM_BPSK_001_002_+06dB,dual/train/signals/SFM_BPSK_001_002_+06dB.npy,SFM,BPSK,5,8,6,0.3934149323473154,1,0,"[0, 0, 0, 0, 0, 1, 0, 0, 1, 0, 0, 0, 0, 0, 0, 1]"
SFM_BPSK_001_002_+12dB,dual/train/signals/SFM_BPSK_001_002_+12dB.npy,SFM,BPSK,5,8,12,0.3934149323473154,1,0,"[0, 0, 0, 0, 0, 1, 0, 0, 1, 0, 0, 0, 0, 0, 0, 1]"
SFM_BPSK_001_002_+18dB,dual/train/signals/SFM_BPSK_001_002_+18dB.npy,SFM,BPSK,5,8,18,0.3934149323473154,1,0,"[0, 0, 0, 0, 0, 1, 0, 0, 1, 0, 0, 0, 0, 0, 0, 1]"
SFM_BPSK_001_003_-12dB,dual/train/signals/SFM_BPSK_001_003_-12dB.npy,SFM,BPSK,5,8,-12,0.2612461302289192,1,0,"[0, 0, 0, 0, 0, 1, 0, 0, 1, 0, 0, 0, 0, 0, 0, 1]"
SFM_BPSK_001_003_-06dB,dual/train/signals/SFM_BPSK_001_003_-06dB.npy,SFM,BPSK,5,8,-6,0.2612461302289192,1,0,"[0, 0, 0, 0, 0, 1, 0, 0, 1, 0, 0, 0, 0, 0, 0, 1]"
SFM_BPSK_001_003_+00dB,dual/train/signals/SFM_BPSK_001_003_+00dB.npy,SFM,BPSK,5,8,0,0.2612461302289192,1,0,"[0, 0, 0, 0, 0, 1, 0, 0, 1, 0, 0, 0, 0, 0, 0, 1]"
SFM_BPSK_001_003_+06dB,dual/train/signals/SFM_BPSK_001_003_+06dB.npy,SFM,BPSK,5,8,6,0.2612461302289192,1,0,"[0, 0, 0, 0, 0, 1, 0, 0, 1, 0, 0, 0, 0, 0, 0, 1]"
SFM_BPSK_001_003_+12dB,dual/train/signals/SFM_BPSK_001_003_+12dB.npy,SFM,BPSK,5,8,12,0.2612461302289192,1,0,"[0, 0, 0, 0, 0, 1, 0, 0, 1, 0, 0, 0, 0, 0, 0, 1]"
SFM_BPSK_001_003_+18dB,dual/train/signals/SFM_BPSK_001_003_+18dB.npy,SFM,BPSK,5,8,18,0.2612461302289192,1,0,"[0, 0, 0, 0, 0, 1, 0, 0, 1, 0, 0, 0, 0, 0, 0, 1]"
SFM_BPSK_001_004_-12dB,dual/train/signals/SFM_BPSK_001_004_-12dB.npy,SFM,BPSK,5,8,-12,0.4686118922169953,1,0,"[0, 0, 0, 0, 0, 1, 0, 0, 1, 0, 0, 0, 0, 0, 0, 1]"
SFM_BPSK_001_004_-06dB,dual/train/signals/SFM_BPSK_001_004_-06dB.npy,SFM,BPSK,5,8,-6,0.4686118922169953,1,0,"[0, 0, 0, 0, 0, 1, 0, 0, 1, 0, 0, 0, 0, 0, 0, 1]"
SFM_BPSK_001_004_+00dB,dual/train/signals/SFM_BPSK_001_004_+00dB.npy,SFM,BPSK,5,8,0,0.4686118922169953,1,0,"[0, 0, 0, 0, 0, 1, 0, 0, 1, 0, 0, 0, 0, 0, 0, 1]"
SFM_BPSK_001_004_+06dB,dual/train/signals/SFM_BPSK_001_004_+06dB.npy,SFM,BPSK,5,8,6,0.4686118922169953,1,0,"[0, 0, 0, 0, 0, 1, 0, 0, 1, 0, 0, 0, 0, 0, 0, 1]"
SFM_BPSK_001_004_+12dB,dual/train/signals/SFM_BPSK_001_004_+12dB.npy,SFM,BPSK,5,8,12,0.4686118922169953,1,0,"[0, 0, 0, 0, 0, 1, 0, 0, 1, 0, 0, 0, 0, 0, 0, 1]"
SFM_BPSK_001_004_+18dB,dual/train/signals/SFM_BPSK_001_004_+18dB.npy,SFM,BPSK,5,8,18,0.4686118922169953,1,0,"[0, 0, 0, 0, 0, 1, 0, 0, 1, 0, 0, 0, 0, 0, 0, 1]"
SFM_BPSK_001_005_-12dB,dual/train/signals/SFM_BPSK_001_005_-12dB.npy,SFM,BPSK,5,8,-12,0.2522004155498204,1,0,"[0, 0, 0, 0, 0, 1, 0, 0, 1, 0, 0, 0, 0, 0, 0, 1]"
SFM_BPSK_001_005_-06dB,dual/train/signals/SFM_BPSK_001_005_-06dB.npy,SFM,BPSK,5,8,-6,0.2522004155498204,1,0,"[0, 0, 0, 0, 0, 1, 0, 0, 1, 0, 0, 0, 0, 0, 0, 1]"
SFM_BPSK_001_005_+00dB,dual/train/signals/SFM_BPSK_001_005_+00dB.npy,SFM,BPSK,5,8,0,0.2522004155498204,1,0,"[0, 0, 0, 0, 0, 1, 0, 0, 1, 0, 0, 0, 0, 0, 0, 1]"
SFM_BPSK_001_005_+06dB,dual/train/signals/SFM_BPSK_001_005_+06dB.npy,SFM,BPSK,5,8,6,0.2522004155498204,1,0,"[0, 0, 0, 0, 0, 1, 0, 0, 1, 0, 0, 0, 0, 0, 0, 1]"
SFM_BPSK_001_005_+12dB,dual/train/signals/SFM_BPSK_001_005_+12dB.npy,SFM,BPSK,5,8,12,0.2522004155498204,1,0,"[0, 0, 0, 0, 0, 1, 0, 0, 1, 0, 0, 0, 0, 0, 0, 1]"
SFM_BPSK_001_005_+18dB,dual/train/signals/SFM_BPSK_001_005_+18dB.npy,SFM,BPSK,5,8,18,0.2522004155498204,1,0,"[0, 0, 0, 0, 0, 1, 0, 0, 1, 0, 0, 0, 0, 0, 0, 1]"
SFM_BPSK_001_006_-12dB,dual/train/signals/SFM_BPSK_001_006_-12dB.npy,SFM,BPSK,5,8,-12,0.3929114432633841,1,0,"[0, 0, 0, 0, 0, 1, 0, 0, 1, 0, 0, 0, 0, 0, 0, 1]"
SFM_BPSK_001_006_-06dB,dual/train/signals/SFM_BPSK_001_006_-06dB.npy,SFM,BPSK,5,8,-6,0.3929114432633841,1,0,"[0, 0, 0, 0, 0, 1, 0, 0, 1, 0, 0, 0, 0, 0, 0, 1]"
SFM_BPSK_001_006_+00dB,dual/train/signals/SFM_BPSK_001_006_+00dB.npy,SFM,BPSK,5,8,0,0.3929114432633841,1,0,"[0, 0, 0, 0, 0, 1, 0, 0, 1, 0, 0, 0, 0, 0, 0, 1]"
SFM_BPSK_001_006_+06dB,dual/train/signals/SFM_BPSK_001_006_+06dB.npy,SFM,BPSK,5,8,6,0.3929114432633841,1,0,"[0, 0, 0, 0, 0, 1, 0, 0, 1, 0, 0, 0, 0, 0, 0, 1]"
SFM_BPSK_001_006_+12dB,dual/train/signals/SFM_BPSK_001_006_+12dB.npy,SFM,BPSK,5,8,12,0.3929114432633841,1,0,"[0, 0, 0, 0, 0, 1, 0, 0, 1, 0, 0, 0, 0, 0, 0, 1]"
SFM_BPSK_001_006_+18dB,dual/train/signals/SFM_BPSK_001_006_+18dB.npy,SFM,BPSK,5,8,18,0.3929114432633841,1,0,"[0, 0, 0, 0, 0, 1, 0, 0, 1, 0, 0, 0, 0, 0, 0, 1]"
SFM_BPSK_001_007_-12dB,dual/train/signals/SFM_BPSK_001_007_-12dB.npy,SFM,BPSK,5,8,-12,0.4597342254126383,1,0,"[0, 0, 0, 0, 0, 1, 0, 0, 1, 0, 0, 0, 0, 0, 0, 1]"
SFM_BPSK_001_007_-06dB,dual/train/signals/SFM_BPSK_001_007_-06dB.npy,SFM,BPSK,5,8,-6,0.4597342254126383,1,0,"[0, 0, 0, 0, 0, 1, 0, 0, 1, 0, 0, 0, 0, 0, 0, 1]"
SFM_BPSK_001_007_+00dB,dual/train/signals/SFM_BPSK_001_007_+00dB.npy,SFM,BPSK,5,8,0,0.4597342254126383,1,0,"[0, 0, 0, 0, 0, 1, 0, 0, 1, 0, 0, 0, 0, 0, 0, 1]"
SFM_BPSK_001_007_+06dB,dual/train/signals/SFM_BPSK_001_007_+06dB.npy,SFM,BPSK,5,8,6,0.4597342254126383,1,0,"[0, 0, 0, 0, 0, 1, 0, 0, 1, 0, 0, 0, 0, 0, 0, 1]"
SFM_BPSK_001_007_+12dB,dual/train/signals/SFM_BPSK_001_007_+12dB.npy,SFM,BPSK,5,8,12,0.4597342254126383,1,0,"[0, 0, 0, 0, 0, 1, 0, 0, 1, 0, 0, 0, 0, 0, 0, 1]"
SFM_BPSK_001_007_+18dB,dual/train/signals/SFM_BPSK_001_007_+18dB.npy,SFM,BPSK,5,8,18,0.4597342254126383,1,0,"[0, 0, 0, 0, 0, 1, 0, 0, 1, 0, 0, 0, 0, 0, 0, 1]"
SFM_BPSK_002_000_-12dB,dual/train/signals/SFM_BPSK_002_000_-12dB.npy,SFM,BPSK,5,8,-12,0.39624542563559434,1,0,"[0, 0, 0, 0, 0, 1, 0, 0, 1, 0, 0, 0, 0, 0, 0, 1]"
SFM_BPSK_002_000_-06dB,dual/train/signals/SFM_BPSK_002_000_-06dB.npy,SFM,BPSK,5,8,-6,0.39624542563559434,1,0,"[0, 0, 0, 0, 0, 1, 0, 0, 1, 0, 0, 0, 0, 0, 0, 1]"
SFM_BPSK_002_000_+00dB,dual/train/signals/SFM_BPSK_002_000_+00dB.npy,SFM,BPSK,5,8,0,0.39624542563559434,1,0,"[0, 0, 0, 0, 0, 1, 0, 0, 1, 0, 0, 0, 0, 0, 0, 1]"
SFM_BPSK_002_000_+06dB,dual/train/signals/SFM_BPSK_002_000_+06dB.npy,SFM,BPSK,5,8,6,0.39624542563559434,1,0,"[0, 0, 0, 0, 0, 1, 0, 0, 1, 0, 0, 0, 0, 0, 0, 1]"
SFM_BPSK_002_000_+12dB,dual/train/signals/SFM_BPSK_002_000_+12dB.npy,SFM,BPSK,5,8,12,0.39624542563559434,1,0,"[0, 0, 0, 0, 0, 1, 0, 0, 1, 0, 0, 0, 0, 0, 0, 1]"
SFM_BPSK_002_000_+18dB,dual/train/signals/SFM_BPSK_002_000_+18dB.npy,SFM,BPSK,5,8,18,0.39624542563559434,1,0,"[0, 0, 0, 0, 0, 1, 0, 0, 1, 0, 0, 0, 0, 0, 0, 1]"
SFM_BPSK_002_001_-12dB,dual/train/signals/SFM_BPSK_002_001_-12dB.npy,SFM,BPSK,5,8,-12,0.43144948312737497,1,0,"[0, 0, 0, 0, 0, 1, 0, 0, 1, 0, 0, 0, 0, 0, 0, 1]"
SFM_BPSK_002_001_-06dB,dual/train/signals/SFM_BPSK_002_001_-06dB.npy,SFM,BPSK,5,8,-6,0.43144948312737497,1,0,"[0, 0, 0, 0, 0, 1, 0, 0, 1, 0, 0, 0, 0, 0, 0, 1]"
SFM_BPSK_002_001_+00dB,dual/train/signals/SFM_BPSK_002_001_+00dB.npy,SFM,BPSK,5,8,0,0.43144948312737497,1,0,"[0, 0, 0, 0, 0, 1, 0, 0, 1, 0, 0, 0, 0, 0, 0, 1]"
SFM_BPSK_002_001_+06dB,dual/train/signals/SFM_BPSK_002_001_+06dB.npy,SFM,BPSK,5,8,6,0.43144948312737497,1,0,"[0, 0, 0, 0, 0, 1, 0, 0, 1, 0, 0, 0, 0, 0, 0, 1]"
SFM_BPSK_002_001_+12dB,dual/train/signals/SFM_BPSK_002_001_+12dB.npy,SFM,BPSK,5,8,12,0.43144948312737497,1,0,"[0, 0, 0, 0, 0, 1, 0, 0, 1, 0, 0, 0, 0, 0, 0, 1]"
SFM_BPSK_002_001_+18dB,dual/train/signals/SFM_BPSK_002_001_+18dB.npy,SFM,BPSK,5,8,18,0.43144948312737497,1,0,"[0, 0, 0, 0, 0, 1, 0, 0, 1, 0, 0, 0, 0, 0, 0, 1]"
SFM_BPSK_002_002_-12dB,dual/train/signals/SFM_BPSK_002_002_-12dB.npy,SFM,BPSK,5,8,-12,0.2752546958804636,1,0,"[0, 0, 0, 0, 0, 1, 0, 0, 1, 0, 0, 0, 0, 0, 0, 1]"
SFM_BPSK_002_002_-06dB,dual/train/signals/SFM_BPSK_002_002_-06dB.npy,SFM,BPSK,5,8,-6,0.2752546958804636,1,0,"[0, 0, 0, 0, 0, 1, 0, 0, 1, 0, 0, 0, 0, 0, 0, 1]"
SFM_BPSK_002_002_+00dB,dual/train/signals/SFM_BPSK_002_002_+00dB.npy,SFM,BPSK,5,8,0,0.2752546958804636,1,0,"[0, 0, 0, 0, 0, 1, 0, 0, 1, 0, 0, 0, 0, 0, 0, 1]"
SFM_BPSK_002_002_+06dB,dual/train/signals/SFM_BPSK_002_002_+06dB.npy,SFM,BPSK,5,8,6,0.2752546958804636,1,0,"[0, 0, 0, 0, 0, 1, 0, 0, 1, 0, 0, 0, 0, 0, 0, 1]"
SFM_BPSK_002_002_+12dB,dual/train/signals/SFM_BPSK_002_002_+12dB.npy,SFM,BPSK,5,8,12,0.2752546958804636,1,0,"[0, 0, 0, 0, 0, 1, 0, 0, 1, 0, 0, 0, 0, 0, 0, 1]"
SFM_BPSK_002_002_+18dB,dual/train/signals/SFM_BPSK_002_002_+18dB.npy,SFM,BPSK,5,8,18,0.2752546958804636,1,0,"[0, 0, 0, 0, 0, 1, 0, 0, 1, 0, 0, 0, 0, 0, 0, 1]"
SFM_BPSK_002_003_-12dB,dual/train/signals/SFM_BPSK_002_003_-12dB.npy,SFM,BPSK,5,8,-12,0.3017014864024211,1,0,"[0, 0, 0, 0, 0, 1, 0, 0, 1, 0, 0, 0, 0, 0, 0, 1]"
SFM_BPSK_002_003_-06dB,dual/train/signals/SFM_BPSK_002_003_-06dB.npy,SFM,BPSK,5,8,-6,0.3017014864024211,1,0,"[0, 0, 0, 0, 0, 1, 0, 0, 1, 0, 0, 0, 0, 0, 0, 1]"
SFM_BPSK_002_003_+00dB,dual/train/signals/SFM_BPSK_002_003_+00dB.npy,SFM,BPSK,5,8,0,0.3017014864024211,1,0,"[0, 0, 0, 0, 0, 1, 0, 0, 1, 0, 0, 0, 0, 0, 0, 1]"
SFM_BPSK_002_003_+06dB,dual/train/signals/SFM_BPSK_002_003_+06dB.npy,SFM,BPSK,5,8,6,0.3017014864024211,1,0,"[0, 0, 0, 0, 0, 1, 0, 0, 1, 0, 0, 0, 0, 0, 0, 1]"
SFM_BPSK_002_003_+12dB,dual/train/signals/SFM_BPSK_002_003_+12dB.npy,SFM,BPSK,5,8,12,0.3017014864024211,1,0,"[0, 0, 0, 0, 0, 1, 0, 0, 1, 0, 0, 0, 0, 0, 0, 1]"
SFM_BPSK_002_003_+18dB,dual/train/signals/SFM_BPSK_002_003_+18dB.npy,SFM,BPSK,5,8,18,0.3017014864024211,1,0,"[0, 0, 0, 0, 0, 1, 0, 0, 1, 0, 0, 0, 0, 0, 0, 1]"
SFM_BPSK_002_004_-12dB,dual/train/signals/SFM_BPSK_002_004_-12dB.npy,SFM,BPSK,5,8,-12,0.36544880214552733,1,0,"[0, 0, 0, 0, 0, 1, 0, 0, 1, 0, 0, 0, 0, 0, 0, 1]"
SFM_BPSK_002_004_-06dB,dual/train/signals/SFM_BPSK_002_004_-06dB.npy,SFM,BPSK,5,8,-6,0.36544880214552733,1,0,"[0, 0, 0, 0, 0, 1, 0, 0, 1, 0, 0, 0, 0, 0, 0, 1]"
SFM_BPSK_002_004_+00dB,dual/train/signals/SFM_BPSK_002_004_+00dB.npy,SFM,BPSK,5,8,0,0.36544880214552733,1,0,"[0, 0, 0, 0, 0, 1, 0, 0, 1, 0, 0, 0, 0, 0, 0, 1]"
SFM_BPSK_002_004_+06dB,dual/train/signals/SFM_BPSK_002_004_+06dB.npy,SFM,BPSK,5,8,6,0.36544880214552733,1,0,"[0, 0, 0, 0, 0, 1, 0, 0, 1, 0, 0, 0, 0, 0, 0, 1]"
SFM_BPSK_002_004_+12dB,dual/train/signals/SFM_BPSK_002_004_+12dB.npy,SFM,BPSK,5,8,12,0.36544880214552733,1,0,"[0, 0, 0, 0, 0, 1, 0, 0, 1, 0, 0, 0, 0, 0, 0, 1]"
SFM_BPSK_002_004_+18dB,dual/train/signals/SFM_BPSK_002_004_+18dB.npy,SFM,BPSK,5,8,18,0.36544880214552733,1,0,"[0, 0, 0, 0, 0, 1, 0, 0, 1, 0, 0, 0, 0, 0, 0, 1]"
SFM_BPSK_002_005_-12dB,dual/train/signals/SFM_BPSK_002_005_-12dB.npy,SFM,BPSK,5,8,-12,0.39732225551938993,1,0,"[0, 0, 0, 0, 0, 1, 0, 0, 1, 0, 0, 0, 0, 0, 0, 1]"
SFM_BPSK_002_005_-06dB,dual/train/signals/SFM_BPSK_002_005_-06dB.npy,SFM,BPSK,5,8,-6,0.39732225551938993,1,0,"[0, 0, 0, 0, 0, 1, 0, 0, 1, 0, 0, 0, 0, 0, 0, 1]"
SFM_BPSK_002_005_+00dB,dual/train/signals/SFM_BPSK_002_005_+00dB.npy,SFM,BPSK,5,8,0,0.39732225551938993,1,0,"[0, 0, 0, 0, 0, 1, 0, 0, 1, 0, 0, 0, 0, 0, 0, 1]"
SFM_BPSK_002_005_+06dB,dual/train/signals/SFM_BPSK_002_005_+06dB.npy,SFM,BPSK,5,8,6,0.39732225551938993,1,0,"[0, 0, 0, 0, 0, 1, 0, 0, 1, 0, 0, 0, 0, 0, 0, 1]"
SFM_BPSK_002_005_+12dB,dual/train/signals/SFM_BPSK_002_005_+12dB.npy,SFM,BPSK,5,8,12,0.39732225551938993,1,0,"[0, 0, 0, 0, 0, 1, 0, 0, 1, 0, 0, 0, 0, 0, 0, 1]"
SFM_BPSK_002_005_+18dB,dual/train/signals/SFM_BPSK_002_005_+18dB.npy,SFM,BPSK,5,8,18,0.39732225551938993,1,0,"[0, 0, 0, 0, 0, 1, 0, 0, 1, 0, 0, 0, 0, 0, 0, 1]"
SFM_BPSK_002_006_-12dB,dual/train/signals/SFM_BPSK_002_006_-12dB.npy,SFM,BPSK,5,8,-12,0.2950383617731837,1,0,"[0, 0, 0, 0, 0, 1, 0, 0, 1, 0, 0, 0, 0, 0, 0, 1]"
SFM_BPSK_002_006_-06dB,dual/train/signals/SFM_BPSK_002_006_-06dB.npy,SFM,BPSK,5,8,-6,0.2950383617731837,1,0,"[0, 0, 0, 0, 0, 1, 0, 0, 1, 0, 0, 0, 0, 0, 0, 1]"
SFM_BPSK_002_006_+00dB,dual/train/signals/SFM_BPSK_002_006_+00dB.npy,SFM,BPSK,5,8,0,0.2950383617731837,1,0,"[0, 0, 0, 0, 0, 1, 0, 0, 1, 0, 0, 0, 0, 0, 0, 1]"
SFM_BPSK_002_006_+06dB,dual/train/signals/SFM_BPSK_002_006_+06dB.npy,SFM,BPSK,5,8,6,0.2950383617731837,1,0,"[0, 0, 0, 0, 0, 1, 0, 0, 1, 0, 0, 0, 0, 0, 0, 1]"
SFM_BPSK_002_006_+12dB,dual/train/signals/SFM_BPSK_002_006_+12dB.npy,SFM,BPSK,5,8,12,0.2950383617731837,1,0,"[0, 0, 0, 0, 0, 1, 0, 0, 1, 0, 0, 0, 0, 0, 0, 1]"
SFM_BPSK_002_006_+18dB,dual/train/signals/SFM_BPSK_002_006_+18dB.npy,SFM,BPSK,5,8,18,0.2950383617731837,1,0,"[0, 0, 0, 0, 0, 1, 0, 0, 1, 0, 0, 0, 0, 0, 0, 1]"
SFM_BPSK_002_007_-12dB,dual/train/signals/SFM_BPSK_002_007_-12dB.npy,SFM,BPSK,5,8,-12,0.49499287993343066,1,0,"[0, 0, 0, 0, 0, 1, 0, 0, 1, 0, 0, 0, 0, 0, 0, 1]"
SFM_BPSK_002_007_-06dB,dual/train/signals/SFM_BPSK_002_007_-06dB.npy,SFM,BPSK,5,8,-6,0.49499287993343066,1,0,"[0, 0, 0, 0, 0, 1, 0, 0, 1, 0, 0, 0, 0, 0, 0, 1]"
SFM_BPSK_002_007_+00dB,dual/train/signals/SFM_BPSK_002_007_+00dB.npy,SFM,BPSK,5,8,0,0.49499287993343066,1,0,"[0, 0, 0, 0, 0, 1, 0, 0, 1, 0, 0, 0, 0, 0, 0, 1]"
SFM_BPSK_002_007_+06dB,dual/train/signals/SFM_BPSK_002_007_+06dB.npy,SFM,BPSK,5,8,6,0.49499287993343066,1,0,"[0, 0, 0, 0, 0, 1, 0, 0, 1, 0, 0, 0, 0, 0, 0, 1]"
SFM_BPSK_002_007_+12dB,dual/train/signals/SFM_BPSK_002_007_+12dB.npy,SFM,BPSK,5,8,12,0.49499287993343066,1,0,"[0, 0, 0, 0, 0, 1, 0, 0, 1, 0, 0, 0, 0, 0, 0, 1]"
SFM_BPSK_002_007_+18dB,dual/train/signals/SFM_BPSK_002_007_+18dB.npy,SFM,BPSK,5,8,18,0.49499287993343066,1,0,"[0, 0, 0, 0, 0, 1, 0, 0, 1, 0, 0, 0, 0, 0, 0, 1]"
SFM_BPSK_003_000_-12dB,dual/train/signals/SFM_BPSK_003_000_-12dB.npy,SFM,BPSK,5,8,-12,0.48124890453605695,1,0,"[0, 0, 0, 0, 0, 1, 0, 0, 1, 0, 0, 0, 0, 0, 0, 1]"
SFM_BPSK_003_000_-06dB,dual/train/signals/SFM_BPSK_003_000_-06dB.npy,SFM,BPSK,5,8,-6,0.48124890453605695,1,0,"[0, 0, 0, 0, 0, 1, 0, 0, 1, 0, 0, 0, 0, 0, 0, 1]"
SFM_BPSK_003_000_+00dB,dual/train/signals/SFM_BPSK_003_000_+00dB.npy,SFM,BPSK,5,8,0,0.48124890453605695,1,0,"[0, 0, 0, 0, 0, 1, 0, 0, 1, 0, 0, 0, 0, 0, 0, 1]"
SFM_BPSK_003_000_+06dB,dual/train/signals/SFM_BPSK_003_000_+06dB.npy,SFM,BPSK,5,8,6,0.48124890453605695,1,0,"[0, 0, 0, 0, 0, 1, 0, 0, 1, 0, 0, 0, 0, 0, 0, 1]"
SFM_BPSK_003_000_+12dB,dual/train/signals/SFM_BPSK_003_000_+12dB.npy,SFM,BPSK,5,8,12,0.48124890453605695,1,0,"[0, 0, 0, 0, 0, 1, 0, 0, 1, 0, 0, 0, 0, 0, 0, 1]"
SFM_BPSK_003_000_+18dB,dual/train/signals/SFM_BPSK_003_000_+18dB.npy,SFM,BPSK,5,8,18,0.48124890453605695,1,0,"[0, 0, 0, 0, 0, 1, 0, 0, 1, 0, 0, 0, 0, 0, 0, 1]"
SFM_BPSK_003_001_-12dB,dual/train/signals/SFM_BPSK_003_001_-12dB.npy,SFM,BPSK,5,8,-12,0.25762778204101067,1,0,"[0, 0, 0, 0, 0, 1, 0, 0, 1, 0, 0, 0, 0, 0, 0, 1]"
SFM_BPSK_003_001_-06dB,dual/train/signals/SFM_BPSK_003_001_-06dB.npy,SFM,BPSK,5,8,-6,0.25762778204101067,1,0,"[0, 0, 0, 0, 0, 1, 0, 0, 1, 0, 0, 0, 0, 0, 0, 1]"
SFM_BPSK_003_001_+00dB,dual/train/signals/SFM_BPSK_003_001_+00dB.npy,SFM,BPSK,5,8,0,0.25762778204101067,1,0,"[0, 0, 0, 0, 0, 1, 0, 0, 1, 0, 0, 0, 0, 0, 0, 1]"
SFM_BPSK_003_001_+06dB,dual/train/signals/SFM_BPSK_003_001_+06dB.npy,SFM,BPSK,5,8,6,0.25762778204101067,1,0,"[0, 0, 0, 0, 0, 1, 0, 0, 1, 0, 0, 0, 0, 0, 0, 1]"
SFM_BPSK_003_001_+12dB,dual/train/signals/SFM_BPSK_003_001_+12dB.npy,SFM,BPSK,5,8,12,0.25762778204101067,1,0,"[0, 0, 0, 0, 0, 1, 0, 0, 1, 0, 0, 0, 0, 0, 0, 1]"
SFM_BPSK_003_001_+18dB,dual/train/signals/SFM_BPSK_003_001_+18dB.npy,SFM,BPSK,5,8,18,0.25762778204101067,1,0,"[0, 0, 0, 0, 0, 1, 0, 0, 1, 0, 0, 0, 0, 0, 0, 1]"
SFM_BPSK_003_002_-12dB,dual/train/signals/SFM_BPSK_003_002_-12dB.npy,SFM,BPSK,5,8,-12,0.46834210437379864,1,0,"[0, 0, 0, 0, 0, 1, 0, 0, 1, 0, 0, 0, 0, 0, 0, 1]"
SFM_BPSK_003_002_-06dB,dual/train/signals/SFM_BPSK_003_002_-06dB.npy,SFM,BPSK,5,8,-6,0.46834210437379864,1,0,"[0, 0, 0, 0, 0, 1, 0, 0, 1, 0, 0, 0, 0, 0, 0, 1]"
SFM_BPSK_003_002_+00dB,dual/train/signals/SFM_BPSK_003_002_+00dB.npy,SFM,BPSK,5,8,0,0.46834210437379864,1,0,"[0, 0, 0, 0, 0, 1, 0, 0, 1, 0, 0, 0, 0, 0, 0, 1]"
SFM_BPSK_003_002_+06dB,dual/train/signals/SFM_BPSK_003_002_+06dB.npy,SFM,BPSK,5,8,6,0.46834210437379864,1,0,"[0, 0, 0, 0, 0, 1, 0, 0, 1, 0, 0, 0, 0, 0, 0, 1]"
SFM_BPSK_003_002_+12dB,dual/train/signals/SFM_BPSK_003_002_+12dB.npy,SFM,BPSK,5,8,12,0.46834210437379864,1,0,"[0, 0, 0, 0, 0, 1, 0, 0, 1, 0, 0, 0, 0, 0, 0, 1]"
SFM_BPSK_003_002_+18dB,dual/train/signals/SFM_BPSK_003_002_+18dB.npy,SFM,BPSK,5,8,18,0.46834210437379864,1,0,"[0, 0, 0, 0, 0, 1, 0, 0, 1, 0, 0, 0, 0, 0, 0, 1]"
SFM_BPSK_003_003_-12dB,dual/train/signals/SFM_BPSK_003_003_-12dB.npy,SFM,BPSK,5,8,-12,0.3240253533288785,1,0,"[0, 0, 0, 0, 0, 1, 0, 0, 1, 0, 0, 0, 0, 0, 0, 1]"
SFM_BPSK_003_003_-06dB,dual/train/signals/SFM_BPSK_003_003_-06dB.npy,SFM,BPSK,5,8,-6,0.3240253533288785,1,0,"[0, 0, 0, 0, 0, 1, 0, 0, 1, 0, 0, 0, 0, 0, 0, 1]"
SFM_BPSK_003_003_+00dB,dual/train/signals/SFM_BPSK_003_003_+00dB.npy,SFM,BPSK,5,8,0,0.3240253533288785,1,0,"[0, 0, 0, 0, 0, 1, 0, 0, 1, 0, 0, 0, 0, 0, 0, 1]"
SFM_BPSK_003_003_+06dB,dual/train/signals/SFM_BPSK_003_003_+06dB.npy,SFM,BPSK,5,8,6,0.3240253533288785,1,0,"[0, 0, 0, 0, 0, 1, 0, 0, 1, 0, 0, 0, 0, 0, 0, 1]"
SFM_BPSK_003_003_+12dB,dual/train/signals/SFM_BPSK_003_003_+12dB.npy,SFM,BPSK,5,8,12,0.3240253533288785,1,0,"[0, 0, 0, 0, 0, 1, 0, 0, 1, 0, 0, 0, 0, 0, 0, 1]"
SFM_BPSK_003_003_+18dB,dual/train/signals/SFM_BPSK_003_003_+18dB.npy,SFM,BPSK,5,8,18,0.3240253533288785,1,0,"[0, 0, 0, 0, 0, 1, 0, 0, 1, 0, 0, 0, 0, 0, 0, 1]"
SFM_BPSK_003_004_-12dB,dual/train/signals/SFM_BPSK_003_004_-12dB.npy,SFM,BPSK,5,8,-12,0.2564954280041396,1,0,"[0, 0, 0, 0, 0, 1, 0, 0, 1, 0, 0, 0, 0, 0, 0, 1]"
SFM_BPSK_003_004_-06dB,dual/train/signals/SFM_BPSK_003_004_-06dB.npy,SFM,BPSK,5,8,-6,0.2564954280041396,1,0,"[0, 0, 0, 0, 0, 1, 0, 0, 1, 0, 0, 0, 0, 0, 0, 1]"
SFM_BPSK_003_004_+00dB,dual/train/signals/SFM_BPSK_003_004_+00dB.npy,SFM,BPSK,5,8,0,0.2564954280041396,1,0,"[0, 0, 0, 0, 0, 1, 0, 0, 1, 0, 0, 0, 0, 0, 0, 1]"
SFM_BPSK_003_004_+06dB,dual/train/signals/SFM_BPSK_003_004_+06dB.npy,SFM,BPSK,5,8,6,0.2564954280041396,1,0,"[0, 0, 0, 0, 0, 1, 0, 0, 1, 0, 0, 0, 0, 0, 0, 1]"
SFM_BPSK_003_004_+12dB,dual/train/signals/SFM_BPSK_003_004_+12dB.npy,SFM,BPSK,5,8,12,0.2564954280041396,1,0,"[0, 0, 0, 0, 0, 1, 0, 0, 1, 0, 0, 0, 0, 0, 0, 1]"
SFM_BPSK_003_004_+18dB,dual/train/signals/SFM_BPSK_003_004_+18dB.npy,SFM,BPSK,5,8,18,0.2564954280041396,1,0,"[0, 0, 0, 0, 0, 1, 0, 0, 1, 0, 0, 0, 0, 0, 0, 1]"
SFM_BPSK_003_005_-12dB,dual/train/signals/SFM_BPSK_003_005_-12dB.npy,SFM,BPSK,5,8,-12,0.37618375632309764,1,0,"[0, 0, 0, 0, 0, 1, 0, 0, 1, 0, 0, 0, 0, 0, 0, 1]"
SFM_BPSK_003_005_-06dB,dual/train/signals/SFM_BPSK_003_005_-06dB.npy,SFM,BPSK,5,8,-6,0.37618375632309764,1,0,"[0, 0, 0, 0, 0, 1, 0, 0, 1, 0, 0, 0, 0, 0, 0, 1]"
SFM_BPSK_003_005_+00dB,dual/train/signals/SFM_BPSK_003_005_+00dB.npy,SFM,BPSK,5,8,0,0.37618375632309764,1,0,"[0, 0, 0, 0, 0, 1, 0, 0, 1, 0, 0, 0, 0, 0, 0, 1]"
SFM_BPSK_003_005_+06dB,dual/train/signals/SFM_BPSK_003_005_+06dB.npy,SFM,BPSK,5,8,6,0.37618375632309764,1,0,"[0, 0, 0, 0, 0, 1, 0, 0, 1, 0, 0, 0, 0, 0, 0, 1]"
SFM_BPSK_003_005_+12dB,dual/train/signals/SFM_BPSK_003_005_+12dB.npy,SFM,BPSK,5,8,12,0.37618375632309764,1,0,"[0, 0, 0, 0, 0, 1, 0, 0, 1, 0, 0, 0, 0, 0, 0, 1]"
SFM_BPSK_003_005_+18dB,dual/train/signals/SFM_BPSK_003_005_+18dB.npy,SFM,BPSK,5,8,18,0.37618375632309764,1,0,"[0, 0, 0, 0, 0, 1, 0, 0, 1, 0, 0, 0, 0, 0, 0, 1]"
SFM_BPSK_003_006_-12dB,dual/train/signals/SFM_BPSK_003_006_-12dB.npy,SFM,BPSK,5,8,-12,0.4907446081758128,1,0,"[0, 0, 0, 0, 0, 1, 0, 0, 1, 0, 0, 0, 0, 0, 0, 1]"
SFM_BPSK_003_006_-06dB,dual/train/signals/SFM_BPSK_003_006_-06dB.npy,SFM,BPSK,5,8,-6,0.4907446081758128,1,0,"[0, 0, 0, 0, 0, 1, 0, 0, 1, 0, 0, 0, 0, 0, 0, 1]"
SFM_BPSK_003_006_+00dB,dual/train/signals/SFM_BPSK_003_006_+00dB.npy,SFM,BPSK,5,8,0,0.4907446081758128,1,0,"[0, 0, 0, 0, 0, 1, 0, 0, 1, 0, 0, 0, 0, 0, 0, 1]"
SFM_BPSK_003_006_+06dB,dual/train/signals/SFM_BPSK_003_006_+06dB.npy,SFM,BPSK,5,8,6,0.4907446081758128,1,0,"[0, 0, 0, 0, 0, 1, 0, 0, 1, 0, 0, 0, 0, 0, 0, 1]"
SFM_BPSK_003_006_+12dB,dual/train/signals/SFM_BPSK_003_006_+12dB.npy,SFM,BPSK,5,8,12,0.4907446081758128,1,0,"[0, 0, 0, 0, 0, 1, 0, 0, 1, 0, 0, 0, 0, 0, 0, 1]"
SFM_BPSK_003_006_+18dB,dual/train/signals/SFM_BPSK_003_006_+18dB.npy,SFM,BPSK,5,8,18,0.4907446081758128,1,0,"[0, 0, 0, 0, 0, 1, 0, 0, 1, 0, 0, 0, 0, 0, 0, 1]"
SFM_BPSK_003_007_-12dB,dual/train/signals/SFM_BPSK_003_007_-12dB.npy,SFM,BPSK,5,8,-12,0.29990970265248784,1,0,"[0, 0, 0, 0, 0, 1, 0, 0, 1, 0, 0, 0, 0, 0, 0, 1]"
SFM_BPSK_003_007_-06dB,dual/train/signals/SFM_BPSK_003_007_-06dB.npy,SFM,BPSK,5,8,-6,0.29990970265248784,1,0,"[0, 0, 0, 0, 0, 1, 0, 0, 1, 0, 0, 0, 0, 0, 0, 1]"
SFM_BPSK_003_007_+00dB,dual/train/signals/SFM_BPSK_003_007_+00dB.npy,SFM,BPSK,5,8,0,0.29990970265248784,1,0,"[0, 0, 0, 0, 0, 1, 0, 0, 1, 0, 0, 0, 0, 0, 0, 1]"
SFM_BPSK_003_007_+06dB,dual/train/signals/SFM_BPSK_003_007_+06dB.npy,SFM,BPSK,5,8,6,0.29990970265248784,1,0,"[0, 0, 0, 0, 0, 1, 0, 0, 1, 0, 0, 0, 0, 0, 0, 1]"
SFM_BPSK_003_007_+12dB,dual/train/signals/SFM_BPSK_003_007_+12dB.npy,SFM,BPSK,5,8,12,0.29990970265248784,1,0,"[0, 0, 0, 0, 0, 1, 0, 0, 1, 0, 0, 0, 0, 0, 0, 1]"
SFM_BPSK_003_007_+18dB,dual/train/signals/SFM_BPSK_003_007_+18dB.npy,SFM,BPSK,5,8,18,0.29990970265248784,1,0,"[0, 0, 0, 0, 0, 1, 0, 0, 1, 0, 0, 0, 0, 0, 0, 1]"
SFM_BPSK_004_000_-12dB,dual/train/signals/SFM_BPSK_004_000_-12dB.npy,SFM,BPSK,5,8,-12,0.30874739934590134,1,0,"[0, 0, 0, 0, 0, 1, 0, 0, 1, 0, 0, 0, 0, 0, 0, 1]"
SFM_BPSK_004_000_-06dB,dual/train/signals/SFM_BPSK_004_000_-06dB.npy,SFM,BPSK,5,8,-6,0.30874739934590134,1,0,"[0, 0, 0, 0, 0, 1, 0, 0, 1, 0, 0, 0, 0, 0, 0, 1]"
SFM_BPSK_004_000_+00dB,dual/train/signals/SFM_BPSK_004_000_+00dB.npy,SFM,BPSK,5,8,0,0.30874739934590134,1,0,"[0, 0, 0, 0, 0, 1, 0, 0, 1, 0, 0, 0, 0, 0, 0, 1]"
SFM_BPSK_004_000_+06dB,dual/train/signals/SFM_BPSK_004_000_+06dB.npy,SFM,BPSK,5,8,6,0.30874739934590134,1,0,"[0, 0, 0, 0, 0, 1, 0, 0, 1, 0, 0, 0, 0, 0, 0, 1]"
SFM_BPSK_004_000_+12dB,dual/train/signals/SFM_BPSK_004_000_+12dB.npy,SFM,BPSK,5,8,12,0.30874739934590134,1,0,"[0, 0, 0, 0, 0, 1, 0, 0, 1, 0, 0, 0, 0, 0, 0, 1]"
SFM_BPSK_004_000_+18dB,dual/train/signals/SFM_BPSK_004_000_+18dB.npy,SFM,BPSK,5,8,18,0.30874739934590134,1,0,"[0, 0, 0, 0, 0, 1, 0, 0, 1, 0, 0, 0, 0, 0, 0, 1]"
SFM_BPSK_004_001_-12dB,dual/train/signals/SFM_BPSK_004_001_-12dB.npy,SFM,BPSK,5,8,-12,0.44899361437915475,1,0,"[0, 0, 0, 0, 0, 1, 0, 0, 1, 0, 0, 0, 0, 0, 0, 1]"
SFM_BPSK_004_001_-06dB,dual/train/signals/SFM_BPSK_004_001_-06dB.npy,SFM,BPSK,5,8,-6,0.44899361437915475,1,0,"[0, 0, 0, 0, 0, 1, 0, 0, 1, 0, 0, 0, 0, 0, 0, 1]"
SFM_BPSK_004_001_+00dB,dual/train/signals/SFM_BPSK_004_001_+00dB.npy,SFM,BPSK,5,8,0,0.44899361437915475,1,0,"[0, 0, 0, 0, 0, 1, 0, 0, 1, 0, 0, 0, 0, 0, 0, 1]"
SFM_BPSK_004_001_+06dB,dual/train/signals/SFM_BPSK_004_001_+06dB.npy,SFM,BPSK,5,8,6,0.44899361437915475,1,0,"[0, 0, 0, 0, 0, 1, 0, 0, 1, 0, 0, 0, 0, 0, 0, 1]"
SFM_BPSK_004_001_+12dB,dual/train/signals/SFM_BPSK_004_001_+12dB.npy,SFM,BPSK,5,8,12,0.44899361437915475,1,0,"[0, 0, 0, 0, 0, 1, 0, 0, 1, 0, 0, 0, 0, 0, 0, 1]"
SFM_BPSK_004_001_+18dB,dual/train/signals/SFM_BPSK_004_001_+18dB.npy,SFM,BPSK,5,8,18,0.44899361437915475,1,0,"[0, 0, 0, 0, 0, 1, 0, 0, 1, 0, 0, 0, 0, 0, 0, 1]"
SFM_BPSK_004_002_-12dB,dual/train/signals/SFM_BPSK_004_002_-12dB.npy,SFM,BPSK,5,8,-12,0.3818081541424232,1,0,"[0, 0, 0, 0, 0, 1, 0, 0, 1, 0, 0, 0, 0, 0, 0, 1]"
SFM_BPSK_004_002_-06dB,dual/train/signals/SFM_BPSK_004_002_-06dB.npy,SFM,BPSK,5,8,-6,0.3818081541424232,1,0,"[0, 0, 0, 0, 0, 1, 0, 0, 1, 0, 0, 0, 0, 0, 0, 1]"
SFM_BPSK_004_002_+00dB,dual/train/signals/SFM_BPSK_004_002_+00dB.npy,SFM,BPSK,5,8,0,0.3818081541424232,1,0,"[0, 0, 0, 0, 0, 1, 0, 0, 1, 0, 0, 0, 0, 0, 0, 1]"
SFM_BPSK_004_002_+06dB,dual/train/signals/SFM_BPSK_004_002_+06dB.npy,SFM,BPSK,5,8,6,0.3818081541424232,1,0,"[0, 0, 0, 0, 0, 1, 0, 0, 1, 0, 0, 0, 0, 0, 0, 1]"
SFM_BPSK_004_002_+12dB,dual/train/signals/SFM_BPSK_004_002_+12dB.npy,SFM,BPSK,5,8,12,0.3818081541424232,1,0,"[0, 0, 0, 0, 0, 1, 0, 0, 1, 0, 0, 0, 0, 0, 0, 1]"
SFM_BPSK_004_002_+18dB,dual/train/signals/SFM_BPSK_004_002_+18dB.npy,SFM,BPSK,5,8,18,0.3818081541424232,1,0,"[0, 0, 0, 0, 0, 1, 0, 0, 1, 0, 0, 0, 0, 0, 0, 1]"
SFM_BPSK_004_003_-12dB,dual/train/signals/SFM_BPSK_004_003_-12dB.npy,SFM,BPSK,5,8,-12,0.45882856245568615,1,0,"[0, 0, 0, 0, 0, 1, 0, 0, 1, 0, 0, 0, 0, 0, 0, 1]"
SFM_BPSK_004_003_-06dB,dual/train/signals/SFM_BPSK_004_003_-06dB.npy,SFM,BPSK,5,8,-6,0.45882856245568615,1,0,"[0, 0, 0, 0, 0, 1, 0, 0, 1, 0, 0, 0, 0, 0, 0, 1]"
SFM_BPSK_004_003_+00dB,dual/train/signals/SFM_BPSK_004_003_+00dB.npy,SFM,BPSK,5,8,0,0.45882856245568615,1,0,"[0, 0, 0, 0, 0, 1, 0, 0, 1, 0, 0, 0, 0, 0, 0, 1]"
SFM_BPSK_004_003_+06dB,dual/train/signals/SFM_BPSK_004_003_+06dB.npy,SFM,BPSK,5,8,6,0.45882856245568615,1,0,"[0, 0, 0, 0, 0, 1, 0, 0, 1, 0, 0, 0, 0, 0, 0, 1]"
SFM_BPSK_004_003_+12dB,dual/train/signals/SFM_BPSK_004_003_+12dB.npy,SFM,BPSK,5,8,12,0.45882856245568615,1,0,"[0, 0, 0, 0, 0, 1, 0, 0, 1, 0, 0, 0, 0, 0, 0, 1]"
SFM_BPSK_004_003_+18dB,dual/train/signals/SFM_BPSK_004_003_+18dB.npy,SFM,BPSK,5,8,18,0.45882856245568615,1,0,"[0, 0, 0, 0, 0, 1, 0, 0, 1, 0, 0, 0, 0, 0, 0, 1]"
SFM_BPSK_004_004_-12dB,dual/train/signals/SFM_BPSK_004_004_-12dB.npy,SFM,BPSK,5,8,-12,0.3499004165941727,1,0,"[0, 0, 0, 0, 0, 1, 0, 0, 1, 0, 0, 0, 0, 0, 0, 1]"
SFM_BPSK_004_004_-06dB,dual/train/signals/SFM_BPSK_004_004_-06dB.npy,SFM,BPSK,5,8,-6,0.3499004165941727,1,0,"[0, 0, 0, 0, 0, 1, 0, 0, 1, 0, 0, 0, 0, 0, 0, 1]"
SFM_BPSK_004_004_+00dB,dual/train/signals/SFM_BPSK_004_004_+00dB.npy,SFM,BPSK,5,8,0,0.3499004165941727,1,0,"[0, 0, 0, 0, 0, 1, 0, 0, 1, 0, 0, 0, 0, 0, 0, 1]"
SFM_BPSK_004_004_+06dB,dual/train/signals/SFM_BPSK_004_004_+06dB.npy,SFM,BPSK,5,8,6,0.3499004165941727,1,0,"[0, 0, 0, 0, 0, 1, 0, 0, 1, 0, 0, 0, 0, 0, 0, 1]"
SFM_BPSK_004_004_+12dB,dual/train/signals/SFM_BPSK_004_004_+12dB.npy,SFM,BPSK,5,8,12,0.3499004165941727,1,0,"[0, 0, 0, 0, 0, 1, 0, 0, 1, 0, 0, 0, 0, 0, 0, 1]"
SFM_BPSK_004_004_+18dB,dual/train/signals/SFM_BPSK_004_004_+18dB.npy,SFM,BPSK,5,8,18,0.3499004165941727,1,0,"[0, 0, 0, 0, 0, 1, 0, 0, 1, 0, 0, 0, 0, 0, 0, 1]"
SFM_BPSK_004_005_-12dB,dual/train/signals/SFM_BPSK_004_005_-12dB.npy,SFM,BPSK,5,8,-12,0.26791391453148916,1,0,"[0, 0, 0, 0, 0, 1, 0, 0, 1, 0, 0, 0, 0, 0, 0, 1]"
SFM_BPSK_004_005_-06dB,dual/train/signals/SFM_BPSK_004_005_-06dB.npy,SFM,BPSK,5,8,-6,0.26791391453148916,1,0,"[0, 0, 0, 0, 0, 1, 0, 0, 1, 0, 0, 0, 0, 0, 0, 1]"
SFM_BPSK_004_005_+00dB,dual/train/signals/SFM_BPSK_004_005_+00dB.npy,SFM,BPSK,5,8,0,0.26791391453148916,1,0,"[0, 0, 0, 0, 0, 1, 0, 0, 1, 0, 0, 0, 0, 0, 0, 1]"
SFM_BPSK_004_005_+06dB,dual/train/signals/SFM_BPSK_004_005_+06dB.npy,SFM,BPSK,5,8,6,0.26791391453148916,1,0,"[0, 0, 0, 0, 0, 1, 0, 0, 1, 0, 0, 0, 0, 0, 0, 1]"
SFM_BPSK_004_005_+12dB,dual/train/signals/SFM_BPSK_004_005_+12dB.npy,SFM,BPSK,5,8,12,0.26791391453148916,1,0,"[0, 0, 0, 0, 0, 1, 0, 0, 1, 0, 0, 0, 0, 0, 0, 1]"
SFM_BPSK_004_005_+18dB,dual/train/signals/SFM_BPSK_004_005_+18dB.npy,SFM,BPSK,5,8,18,0.26791391453148916,1,0,"[0, 0, 0, 0, 0, 1, 0, 0, 1, 0, 0, 0, 0, 0, 0, 1]"
SFM_BPSK_004_006_-12dB,dual/train/signals/SFM_BPSK_004_006_-12dB.npy,SFM,BPSK,5,8,-12,0.3965451199905272,1,0,"[0, 0, 0, 0, 0, 1, 0, 0, 1, 0, 0, 0, 0, 0, 0, 1]"
SFM_BPSK_004_006_-06dB,dual/train/signals/SFM_BPSK_004_006_-06dB.npy,SFM,BPSK,5,8,-6,0.3965451199905272,1,0,"[0, 0, 0, 0, 0, 1, 0, 0, 1, 0, 0, 0, 0, 0, 0, 1]"
SFM_BPSK_004_006_+00dB,dual/train/signals/SFM_BPSK_004_006_+00dB.npy,SFM,BPSK,5,8,0,0.3965451199905272,1,0,"[0, 0, 0, 0, 0, 1, 0, 0, 1, 0, 0, 0, 0, 0, 0, 1]"
SFM_BPSK_004_006_+06dB,dual/train/signals/SFM_BPSK_004_006_+06dB.npy,SFM,BPSK,5,8,6,0.3965451199905272,1,0,"[0, 0, 0, 0, 0, 1, 0, 0, 1, 0, 0, 0, 0, 0, 0, 1]"
SFM_BPSK_004_006_+12dB,dual/train/signals/SFM_BPSK_004_006_+12dB.npy,SFM,BPSK,5,8,12,0.3965451199905272,1,0,"[0, 0, 0, 0, 0, 1, 0, 0, 1, 0, 0, 0, 0, 0, 0, 1]"
SFM_BPSK_004_006_+18dB,dual/train/signals/SFM_BPSK_004_006_+18dB.npy,SFM,BPSK,5,8,18,0.3965451199905272,1,0,"[0, 0, 0, 0, 0, 1, 0, 0, 1, 0, 0, 0, 0, 0, 0, 1]"
SFM_BPSK_004_007_-12dB,dual/train/signals/SFM_BPSK_004_007_-12dB.npy,SFM,BPSK,5,8,-12,0.3698589967884852,1,0,"[0, 0, 0, 0, 0, 1, 0, 0, 1, 0, 0, 0, 0, 0, 0, 1]"
SFM_BPSK_004_007_-06dB,dual/train/signals/SFM_BPSK_004_007_-06dB.npy,SFM,BPSK,5,8,-6,0.3698589967884852,1,0,"[0, 0, 0, 0, 0, 1, 0, 0, 1, 0, 0, 0, 0, 0, 0, 1]"
SFM_BPSK_004_007_+00dB,dual/train/signals/SFM_BPSK_004_007_+00dB.npy,SFM,BPSK,5,8,0,0.3698589967884852,1,0,"[0, 0, 0, 0, 0, 1, 0, 0, 1, 0, 0, 0, 0, 0, 0, 1]"
SFM_BPSK_004_007_+06dB,dual/train/signals/SFM_BPSK_004_007_+06dB.npy,SFM,BPSK,5,8,6,0.3698589967884852,1,0,"[0, 0, 0, 0, 0, 1, 0, 0, 1, 0, 0, 0, 0, 0, 0, 1]"
SFM_BPSK_004_007_+12dB,dual/train/signals/SFM_BPSK_004_007_+12dB.npy,SFM,BPSK,5,8,12,0.3698589967884852,1,0,"[0, 0, 0, 0, 0, 1, 0, 0, 1, 0, 0, 0, 0, 0, 0, 1]"
SFM_BPSK_004_007_+18dB,dual/train/signals/SFM_BPSK_004_007_+18dB.npy,SFM,BPSK,5,8,18,0.3698589967884852,1,0,"[0, 0, 0, 0, 0, 1, 0, 0, 1, 0, 0, 0, 0, 0, 0, 1]"
SFM_BPSK_005_000_-12dB,dual/train/signals/SFM_BPSK_005_000_-12dB.npy,SFM,BPSK,5,8,-12,0.42148371003734153,1,0,"[0, 0, 0, 0, 0, 1, 0, 0, 1, 0, 0, 0, 0, 0, 0, 1]"
SFM_BPSK_005_000_-06dB,dual/train/signals/SFM_BPSK_005_000_-06dB.npy,SFM,BPSK,5,8,-6,0.42148371003734153,1,0,"[0, 0, 0, 0, 0, 1, 0, 0, 1, 0, 0, 0, 0, 0, 0, 1]"
SFM_BPSK_005_000_+00dB,dual/train/signals/SFM_BPSK_005_000_+00dB.npy,SFM,BPSK,5,8,0,0.42148371003734153,1,0,"[0, 0, 0, 0, 0, 1, 0, 0, 1, 0, 0, 0, 0, 0, 0, 1]"
SFM_BPSK_005_000_+06dB,dual/train/signals/SFM_BPSK_005_000_+06dB.npy,SFM,BPSK,5,8,6,0.42148371003734153,1,0,"[0, 0, 0, 0, 0, 1, 0, 0, 1, 0, 0, 0, 0, 0, 0, 1]"
SFM_BPSK_005_000_+12dB,dual/train/signals/SFM_BPSK_005_000_+12dB.npy,SFM,BPSK,5,8,12,0.42148371003734153,1,0,"[0, 0, 0, 0, 0, 1, 0, 0, 1, 0, 0, 0, 0, 0, 0, 1]"
SFM_BPSK_005_000_+18dB,dual/train/signals/SFM_BPSK_005_000_+18dB.npy,SFM,BPSK,5,8,18,0.42148371003734153,1,0,"[0, 0, 0, 0, 0, 1, 0, 0, 1, 0, 0, 0, 0, 0, 0, 1]"
SFM_BPSK_005_001_-12dB,dual/train/signals/SFM_BPSK_005_001_-12dB.npy,SFM,BPSK,5,8,-12,0.2551427632638333,1,0,"[0, 0, 0, 0, 0, 1, 0, 0, 1, 0, 0, 0, 0, 0, 0, 1]"
SFM_BPSK_005_001_-06dB,dual/train/signals/SFM_BPSK_005_001_-06dB.npy,SFM,BPSK,5,8,-6,0.2551427632638333,1,0,"[0, 0, 0, 0, 0, 1, 0, 0, 1, 0, 0, 0, 0, 0, 0, 1]"
SFM_BPSK_005_001_+00dB,dual/train/signals/SFM_BPSK_005_001_+00dB.npy,SFM,BPSK,5,8,0,0.2551427632638333,1,0,"[0, 0, 0, 0, 0, 1, 0, 0, 1, 0, 0, 0, 0, 0, 0, 1]"
SFM_BPSK_005_001_+06dB,dual/train/signals/SFM_BPSK_005_001_+06dB.npy,SFM,BPSK,5,8,6,0.2551427632638333,1,0,"[0, 0, 0, 0, 0, 1, 0, 0, 1, 0, 0, 0, 0, 0, 0, 1]"
SFM_BPSK_005_001_+12dB,dual/train/signals/SFM_BPSK_005_001_+12dB.npy,SFM,BPSK,5,8,12,0.2551427632638333,1,0,"[0, 0, 0, 0, 0, 1, 0, 0, 1, 0, 0, 0, 0, 0, 0, 1]"
SFM_BPSK_005_001_+18dB,dual/train/signals/SFM_BPSK_005_001_+18dB.npy,SFM,BPSK,5,8,18,0.2551427632638333,1,0,"[0, 0, 0, 0, 0, 1, 0, 0, 1, 0, 0, 0, 0, 0, 0, 1]"
SFM_BPSK_005_002_-12dB,dual/train/signals/SFM_BPSK_005_002_-12dB.npy,SFM,BPSK,5,8,-12,0.3834271674866526,1,0,"[0, 0, 0, 0, 0, 1, 0, 0, 1, 0, 0, 0, 0, 0, 0, 1]"
SFM_BPSK_005_002_-06dB,dual/train/signals/SFM_BPSK_005_002_-06dB.npy,SFM,BPSK,5,8,-6,0.3834271674866526,1,0,"[0, 0, 0, 0, 0, 1, 0, 0, 1, 0, 0, 0, 0, 0, 0, 1]"
SFM_BPSK_005_002_+00dB,dual/train/signals/SFM_BPSK_005_002_+00dB.npy,SFM,BPSK,5,8,0,0.3834271674866526,1,0,"[0, 0, 0, 0, 0, 1, 0, 0, 1, 0, 0, 0, 0, 0, 0, 1]"
SFM_BPSK_005_002_+06dB,dual/train/signals/SFM_BPSK_005_002_+06dB.npy,SFM,BPSK,5,8,6,0.3834271674866526,1,0,"[0, 0, 0, 0, 0, 1, 0, 0, 1, 0, 0, 0, 0, 0, 0, 1]"
SFM_BPSK_005_002_+12dB,dual/train/signals/SFM_BPSK_005_002_+12dB.npy,SFM,BPSK,5,8,12,0.3834271674866526,1,0,"[0, 0, 0, 0, 0, 1, 0, 0, 1, 0, 0, 0, 0, 0, 0, 1]"
SFM_BPSK_005_002_+18dB,dual/train/signals/SFM_BPSK_005_002_+18dB.npy,SFM,BPSK,5,8,18,0.3834271674866526,1,0,"[0, 0, 0, 0, 0, 1, 0, 0, 1, 0, 0, 0, 0, 0, 0, 1]"
SFM_BPSK_005_003_-12dB,dual/train/signals/SFM_BPSK_005_003_-12dB.npy,SFM,BPSK,5,8,-12,0.33840689745550656,1,0,"[0, 0, 0, 0, 0, 1, 0, 0, 1, 0, 0, 0, 0, 0, 0, 1]"
SFM_BPSK_005_003_-06dB,dual/train/signals/SFM_BPSK_005_003_-06dB.npy,SFM,BPSK,5,8,-6,0.33840689745550656,1,0,"[0, 0, 0, 0, 0, 1, 0, 0, 1, 0, 0, 0, 0, 0, 0, 1]"
SFM_BPSK_005_003_+00dB,dual/train/signals/SFM_BPSK_005_003_+00dB.npy,SFM,BPSK,5,8,0,0.33840689745550656,1,0,"[0, 0, 0, 0, 0, 1, 0, 0, 1, 0, 0, 0, 0, 0, 0, 1]"
SFM_BPSK_005_003_+06dB,dual/train/signals/SFM_BPSK_005_003_+06dB.npy,SFM,BPSK,5,8,6,0.33840689745550656,1,0,"[0, 0, 0, 0, 0, 1, 0, 0, 1, 0, 0, 0, 0, 0, 0, 1]"
SFM_BPSK_005_003_+12dB,dual/train/signals/SFM_BPSK_005_003_+12dB.npy,SFM,BPSK,5,8,12,0.33840689745550656,1,0,"[0, 0, 0, 0, 0, 1, 0, 0, 1, 0, 0, 0, 0, 0, 0, 1]"
SFM_BPSK_005_003_+18dB,dual/train/signals/SFM_BPSK_005_003_+18dB.npy,SFM,BPSK,5,8,18,0.33840689745550656,1,0,"[0, 0, 0, 0, 0, 1, 0, 0, 1, 0, 0, 0, 0, 0, 0, 1]"
SFM_BPSK_005_004_-12dB,dual/train/signals/SFM_BPSK_005_004_-12dB.npy,SFM,BPSK,5,8,-12,0.4171268835539283,1,0,"[0, 0, 0, 0, 0, 1, 0, 0, 1, 0, 0, 0, 0, 0, 0, 1]"
SFM_BPSK_005_004_-06dB,dual/train/signals/SFM_BPSK_005_004_-06dB.npy,SFM,BPSK,5,8,-6,0.4171268835539283,1,0,"[0, 0, 0, 0, 0, 1, 0, 0, 1, 0, 0, 0, 0, 0, 0, 1]"
SFM_BPSK_005_004_+00dB,dual/train/signals/SFM_BPSK_005_004_+00dB.npy,SFM,BPSK,5,8,0,0.4171268835539283,1,0,"[0, 0, 0, 0, 0, 1, 0, 0, 1, 0, 0, 0, 0, 0, 0, 1]"
SFM_BPSK_005_004_+06dB,dual/train/signals/SFM_BPSK_005_004_+06dB.npy,SFM,BPSK,5,8,6,0.4171268835539283,1,0,"[0, 0, 0, 0, 0, 1, 0, 0, 1, 0, 0, 0, 0, 0, 0, 1]"
SFM_BPSK_005_004_+12dB,dual/train/signals/SFM_BPSK_005_004_+12dB.npy,SFM,BPSK,5,8,12,0.4171268835539283,1,0,"[0, 0, 0, 0, 0, 1, 0, 0, 1, 0, 0, 0, 0, 0, 0, 1]"
SFM_BPSK_005_004_+18dB,dual/train/signals/SFM_BPSK_005_004_+18dB.npy,SFM,BPSK,5,8,18,0.4171268835539283,1,0,"[0, 0, 0, 0, 0, 1, 0, 0, 1, 0, 0, 0, 0, 0, 0, 1]"
SFM_BPSK_005_005_-12dB,dual/train/signals/SFM_BPSK_005_005_-12dB.npy,SFM,BPSK,5,8,-12,0.4160216519709099,1,0,"[0, 0, 0, 0, 0, 1, 0, 0, 1, 0, 0, 0, 0, 0, 0, 1]"
SFM_BPSK_005_005_-06dB,dual/train/signals/SFM_BPSK_005_005_-06dB.npy,SFM,BPSK,5,8,-6,0.4160216519709099,1,0,"[0, 0, 0, 0, 0, 1, 0, 0, 1, 0, 0, 0, 0, 0, 0, 1]"
SFM_BPSK_005_005_+00dB,dual/train/signals/SFM_BPSK_005_005_+00dB.npy,SFM,BPSK,5,8,0,0.4160216519709099,1,0,"[0, 0, 0, 0, 0, 1, 0, 0, 1, 0, 0, 0, 0, 0, 0, 1]"
SFM_BPSK_005_005_+06dB,dual/train/signals/SFM_BPSK_005_005_+06dB.npy,SFM,BPSK,5,8,6,0.4160216519709099,1,0,"[0, 0, 0, 0, 0, 1, 0, 0, 1, 0, 0, 0, 0, 0, 0, 1]"
SFM_BPSK_005_005_+12dB,dual/train/signals/SFM_BPSK_005_005_+12dB.npy,SFM,BPSK,5,8,12,0.4160216519709099,1,0,"[0, 0, 0, 0, 0, 1, 0, 0, 1, 0, 0, 0, 0, 0, 0, 1]"
SFM_BPSK_005_005_+18dB,dual/train/signals/SFM_BPSK_005_005_+18dB.npy,SFM,BPSK,5,8,18,0.4160216519709099,1,0,"[0, 0, 0, 0, 0, 1, 0, 0, 1, 0, 0, 0, 0, 0, 0, 1]"
SFM_BPSK_005_006_-12dB,dual/train/signals/SFM_BPSK_005_006_-12dB.npy,SFM,BPSK,5,8,-12,0.46059809186320355,1,0,"[0, 0, 0, 0, 0, 1, 0, 0, 1, 0, 0, 0, 0, 0, 0, 1]"
SFM_BPSK_005_006_-06dB,dual/train/signals/SFM_BPSK_005_006_-06dB.npy,SFM,BPSK,5,8,-6,0.46059809186320355,1,0,"[0, 0, 0, 0, 0, 1, 0, 0, 1, 0, 0, 0, 0, 0, 0, 1]"
SFM_BPSK_005_006_+00dB,dual/train/signals/SFM_BPSK_005_006_+00dB.npy,SFM,BPSK,5,8,0,0.46059809186320355,1,0,"[0, 0, 0, 0, 0, 1, 0, 0, 1, 0, 0, 0, 0, 0, 0, 1]"
SFM_BPSK_005_006_+06dB,dual/train/signals/SFM_BPSK_005_006_+06dB.npy,SFM,BPSK,5,8,6,0.46059809186320355,1,0,"[0, 0, 0, 0, 0, 1, 0, 0, 1, 0, 0, 0, 0, 0, 0, 1]"
SFM_BPSK_005_006_+12dB,dual/train/signals/SFM_BPSK_005_006_+12dB.npy,SFM,BPSK,5,8,12,0.46059809186320355,1,0,"[0, 0, 0, 0, 0, 1, 0, 0, 1, 0, 0, 0, 0, 0, 0, 1]"
SFM_BPSK_005_006_+18dB,dual/train/signals/SFM_BPSK_005_006_+18dB.npy,SFM,BPSK,5,8,18,0.46059809186320355,1,0,"[0, 0, 0, 0, 0, 1, 0, 0, 1, 0, 0, 0, 0, 0, 0, 1]"
SFM_BPSK_005_007_-12dB,dual/train/signals/SFM_BPSK_005_007_-12dB.npy,SFM,BPSK,5,8,-12,0.3751480691280826,1,0,"[0, 0, 0, 0, 0, 1, 0, 0, 1, 0, 0, 0, 0, 0, 0, 1]"
SFM_BPSK_005_007_-06dB,dual/train/signals/SFM_BPSK_005_007_-06dB.npy,SFM,BPSK,5,8,-6,0.3751480691280826,1,0,"[0, 0, 0, 0, 0, 1, 0, 0, 1, 0, 0, 0, 0, 0, 0, 1]"
SFM_BPSK_005_007_+00dB,dual/train/signals/SFM_BPSK_005_007_+00dB.npy,SFM,BPSK,5,8,0,0.3751480691280826,1,0,"[0, 0, 0, 0, 0, 1, 0, 0, 1, 0, 0, 0, 0, 0, 0, 1]"
SFM_BPSK_005_007_+06dB,dual/train/signals/SFM_BPSK_005_007_+06dB.npy,SFM,BPSK,5,8,6,0.3751480691280826,1,0,"[0, 0, 0, 0, 0, 1, 0, 0, 1, 0, 0, 0, 0, 0, 0, 1]"
SFM_BPSK_005_007_+12dB,dual/train/signals/SFM_BPSK_005_007_+12dB.npy,SFM,BPSK,5,8,12,0.3751480691280826,1,0,"[0, 0, 0, 0, 0, 1, 0, 0, 1, 0, 0, 0, 0, 0, 0, 1]"
SFM_BPSK_005_007_+18dB,dual/train/signals/SFM_BPSK_005_007_+18dB.npy,SFM,BPSK,5,8,18,0.3751480691280826,1,0,"[0, 0, 0, 0, 0, 1, 0, 0, 1, 0, 0, 0, 0, 0, 0, 1]"
SFM_BPSK_006_000_-12dB,dual/train/signals/SFM_BPSK_006_000_-12dB.npy,SFM,BPSK,5,8,-12,0.48017419847484705,1,0,"[0, 0, 0, 0, 0, 1, 0, 0, 1, 0, 0, 0, 0, 0, 0, 1]"
SFM_BPSK_006_000_-06dB,dual/train/signals/SFM_BPSK_006_000_-06dB.npy,SFM,BPSK,5,8,-6,0.48017419847484705,1,0,"[0, 0, 0, 0, 0, 1, 0, 0, 1, 0, 0, 0, 0, 0, 0, 1]"
SFM_BPSK_006_000_+00dB,dual/train/signals/SFM_BPSK_006_000_+00dB.npy,SFM,BPSK,5,8,0,0.48017419847484705,1,0,"[0, 0, 0, 0, 0, 1, 0, 0, 1, 0, 0, 0, 0, 0, 0, 1]"
SFM_BPSK_006_000_+06dB,dual/train/signals/SFM_BPSK_006_000_+06dB.npy,SFM,BPSK,5,8,6,0.48017419847484705,1,0,"[0, 0, 0, 0, 0, 1, 0, 0, 1, 0, 0, 0, 0, 0, 0, 1]"
SFM_BPSK_006_000_+12dB,dual/train/signals/SFM_BPSK_006_000_+12dB.npy,SFM,BPSK,5,8,12,0.48017419847484705,1,0,"[0, 0, 0, 0, 0, 1, 0, 0, 1, 0, 0, 0, 0, 0, 0, 1]"
SFM_BPSK_006_000_+18dB,dual/train/signals/SFM_BPSK_006_000_+18dB.npy,SFM,BPSK,5,8,18,0.48017419847484705,1,0,"[0, 0, 0, 0, 0, 1, 0, 0, 1, 0, 0, 0, 0, 0, 0, 1]"
SFM_BPSK_006_001_-12dB,dual/train/signals/SFM_BPSK_006_001_-12dB.npy,SFM,BPSK,5,8,-12,0.42099503252217574,1,0,"[0, 0, 0, 0, 0, 1, 0, 0, 1, 0, 0, 0, 0, 0, 0, 1]"
SFM_BPSK_006_001_-06dB,dual/train/signals/SFM_BPSK_006_001_-06dB.npy,SFM,BPSK,5,8,-6,0.42099503252217574,1,0,"[0, 0, 0, 0, 0, 1, 0, 0, 1, 0, 0, 0, 0, 0, 0, 1]"
SFM_BPSK_006_001_+00dB,dual/train/signals/SFM_BPSK_006_001_+00dB.npy,SFM,BPSK,5,8,0,0.42099503252217574,1,0,"[0, 0, 0, 0, 0, 1, 0, 0, 1, 0, 0, 0, 0, 0, 0, 1]"
SFM_BPSK_006_001_+06dB,dual/train/signals/SFM_BPSK_006_001_+06dB.npy,SFM,BPSK,5,8,6,0.42099503252217574,1,0,"[0, 0, 0, 0, 0, 1, 0, 0, 1, 0, 0, 0, 0, 0, 0, 1]"
SFM_BPSK_006_001_+12dB,dual/train/signals/SFM_BPSK_006_001_+12dB.npy,SFM,BPSK,5,8,12,0.42099503252217574,1,0,"[0, 0, 0, 0, 0, 1, 0, 0, 1, 0, 0, 0, 0, 0, 0, 1]"
SFM_BPSK_006_001_+18dB,dual/train/signals/SFM_BPSK_006_001_+18dB.npy,SFM,BPSK,5,8,18,0.42099503252217574,1,0,"[0, 0, 0, 0, 0, 1, 0, 0, 1, 0, 0, 0, 0, 0, 0, 1]"
SFM_BPSK_006_002_-12dB,dual/train/signals/SFM_BPSK_006_002_-12dB.npy,SFM,BPSK,5,8,-12,0.43250512935867147,1,0,"[0, 0, 0, 0, 0, 1, 0, 0, 1, 0, 0, 0, 0, 0, 0, 1]"
SFM_BPSK_006_002_-06dB,dual/train/signals/SFM_BPSK_006_002_-06dB.npy,SFM,BPSK,5,8,-6,0.43250512935867147,1,0,"[0, 0, 0, 0, 0, 1, 0, 0, 1, 0, 0, 0, 0, 0, 0, 1]"
SFM_BPSK_006_002_+00dB,dual/train/signals/SFM_BPSK_006_002_+00dB.npy,SFM,BPSK,5,8,0,0.43250512935867147,1,0,"[0, 0, 0, 0, 0, 1, 0, 0, 1, 0, 0, 0, 0, 0, 0, 1]"
SFM_BPSK_006_002_+06dB,dual/train/signals/SFM_BPSK_006_002_+06dB.npy,SFM,BPSK,5,8,6,0.43250512935867147,1,0,"[0, 0, 0, 0, 0, 1, 0, 0, 1, 0, 0, 0, 0, 0, 0, 1]"
SFM_BPSK_006_002_+12dB,dual/train/signals/SFM_BPSK_006_002_+12dB.npy,SFM,BPSK,5,8,12,0.43250512935867147,1,0,"[0, 0, 0, 0, 0, 1, 0, 0, 1, 0, 0, 0, 0, 0, 0, 1]"
SFM_BPSK_006_002_+18dB,dual/train/signals/SFM_BPSK_006_002_+18dB.npy,SFM,BPSK,5,8,18,0.43250512935867147,1,0,"[0, 0, 0, 0, 0, 1, 0, 0, 1, 0, 0, 0, 0, 0, 0, 1]"
SFM_BPSK_006_003_-12dB,dual/train/signals/SFM_BPSK_006_003_-12dB.npy,SFM,BPSK,5,8,-12,0.47661480089768127,1,0,"[0, 0, 0, 0, 0, 1, 0, 0, 1, 0, 0, 0, 0, 0, 0, 1]"
SFM_BPSK_006_003_-06dB,dual/train/signals/SFM_BPSK_006_003_-06dB.npy,SFM,BPSK,5,8,-6,0.47661480089768127,1,0,"[0, 0, 0, 0, 0, 1, 0, 0, 1, 0, 0, 0, 0, 0, 0, 1]"
SFM_BPSK_006_003_+00dB,dual/train/signals/SFM_BPSK_006_003_+00dB.npy,SFM,BPSK,5,8,0,0.47661480089768127,1,0,"[0, 0, 0, 0, 0, 1, 0, 0, 1, 0, 0, 0, 0, 0, 0, 1]"
SFM_BPSK_006_003_+06dB,dual/train/signals/SFM_BPSK_006_003_+06dB.npy,SFM,BPSK,5,8,6,0.47661480089768127,1,0,"[0, 0, 0, 0, 0, 1, 0, 0, 1, 0, 0, 0, 0, 0, 0, 1]"
SFM_BPSK_006_003_+12dB,dual/train/signals/SFM_BPSK_006_003_+12dB.npy,SFM,BPSK,5,8,12,0.47661480089768127,1,0,"[0, 0, 0, 0, 0, 1, 0, 0, 1, 0, 0, 0, 0, 0, 0, 1]"
SFM_BPSK_006_003_+18dB,dual/train/signals/SFM_BPSK_006_003_+18dB.npy,SFM,BPSK,5,8,18,0.47661480089768127,1,0,"[0, 0, 0, 0, 0, 1, 0, 0, 1, 0, 0, 0, 0, 0, 0, 1]"
SFM_BPSK_006_004_-12dB,dual/train/signals/SFM_BPSK_006_004_-12dB.npy,SFM,BPSK,5,8,-12,0.3610143663557013,1,0,"[0, 0, 0, 0, 0, 1, 0, 0, 1, 0, 0, 0, 0, 0, 0, 1]"
SFM_BPSK_006_004_-06dB,dual/train/signals/SFM_BPSK_006_004_-06dB.npy,SFM,BPSK,5,8,-6,0.3610143663557013,1,0,"[0, 0, 0, 0, 0, 1, 0, 0, 1, 0, 0, 0, 0, 0, 0, 1]"
SFM_BPSK_006_004_+00dB,dual/train/signals/SFM_BPSK_006_004_+00dB.npy,SFM,BPSK,5,8,0,0.3610143663557013,1,0,"[0, 0, 0, 0, 0, 1, 0, 0, 1, 0, 0, 0, 0, 0, 0, 1]"
SFM_BPSK_006_004_+06dB,dual/train/signals/SFM_BPSK_006_004_+06dB.npy,SFM,BPSK,5,8,6,0.3610143663557013,1,0,"[0, 0, 0, 0, 0, 1, 0, 0, 1, 0, 0, 0, 0, 0, 0, 1]"
SFM_BPSK_006_004_+12dB,dual/train/signals/SFM_BPSK_006_004_+12dB.npy,SFM,BPSK,5,8,12,0.3610143663557013,1,0,"[0, 0, 0, 0, 0, 1, 0, 0, 1, 0, 0, 0, 0, 0, 0, 1]"
SFM_BPSK_006_004_+18dB,dual/train/signals/SFM_BPSK_006_004_+18dB.npy,SFM,BPSK,5,8,18,0.3610143663557013,1,0,"[0, 0, 0, 0, 0, 1, 0, 0, 1, 0, 0, 0, 0, 0, 0, 1]"
SFM_BPSK_006_005_-12dB,dual/train/signals/SFM_BPSK_006_005_-12dB.npy,SFM,BPSK,5,8,-12,0.3912574367632651,1,0,"[0, 0, 0, 0, 0, 1, 0, 0, 1, 0, 0, 0, 0, 0, 0, 1]"
SFM_BPSK_006_005_-06dB,dual/train/signals/SFM_BPSK_006_005_-06dB.npy,SFM,BPSK,5,8,-6,0.3912574367632651,1,0,"[0, 0, 0, 0, 0, 1, 0, 0, 1, 0, 0, 0, 0, 0, 0, 1]"
SFM_BPSK_006_005_+00dB,dual/train/signals/SFM_BPSK_006_005_+00dB.npy,SFM,BPSK,5,8,0,0.3912574367632651,1,0,"[0, 0, 0, 0, 0, 1, 0, 0, 1, 0, 0, 0, 0, 0, 0, 1]"
SFM_BPSK_006_005_+06dB,dual/train/signals/SFM_BPSK_006_005_+06dB.npy,SFM,BPSK,5,8,6,0.3912574367632651,1,0,"[0, 0, 0, 0, 0, 1, 0, 0, 1, 0, 0, 0, 0, 0, 0, 1]"
SFM_BPSK_006_005_+12dB,dual/train/signals/SFM_BPSK_006_005_+12dB.npy,SFM,BPSK,5,8,12,0.3912574367632651,1,0,"[0, 0, 0, 0, 0, 1, 0, 0, 1, 0, 0, 0, 0, 0, 0, 1]"
SFM_BPSK_006_005_+18dB,dual/train/signals/SFM_BPSK_006_005_+18dB.npy,SFM,BPSK,5,8,18,0.3912574367632651,1,0,"[0, 0, 0, 0, 0, 1, 0, 0, 1, 0, 0, 0, 0, 0, 0, 1]"
SFM_BPSK_006_006_-12dB,dual/train/signals/SFM_BPSK_006_006_-12dB.npy,SFM,BPSK,5,8,-12,0.4111669502242431,1,0,"[0, 0, 0, 0, 0, 1, 0, 0, 1, 0, 0, 0, 0, 0, 0, 1]"
SFM_BPSK_006_006_-06dB,dual/train/signals/SFM_BPSK_006_006_-06dB.npy,SFM,BPSK,5,8,-6,0.4111669502242431,1,0,"[0, 0, 0, 0, 0, 1, 0, 0, 1, 0, 0, 0, 0, 0, 0, 1]"
SFM_BPSK_006_006_+00dB,dual/train/signals/SFM_BPSK_006_006_+00dB.npy,SFM,BPSK,5,8,0,0.4111669502242431,1,0,"[0, 0, 0, 0, 0, 1, 0, 0, 1, 0, 0, 0, 0, 0, 0, 1]"
SFM_BPSK_006_006_+06dB,dual/train/signals/SFM_BPSK_006_006_+06dB.npy,SFM,BPSK,5,8,6,0.4111669502242431,1,0,"[0, 0, 0, 0, 0, 1, 0, 0, 1, 0, 0, 0, 0, 0, 0, 1]"
SFM_BPSK_006_006_+12dB,dual/train/signals/SFM_BPSK_006_006_+12dB.npy,SFM,BPSK,5,8,12,0.4111669502242431,1,0,"[0, 0, 0, 0, 0, 1, 0, 0, 1, 0, 0, 0, 0, 0, 0, 1]"
SFM_BPSK_006_006_+18dB,dual/train/signals/SFM_BPSK_006_006_+18dB.npy,SFM,BPSK,5,8,18,0.4111669502242431,1,0,"[0, 0, 0, 0, 0, 1, 0, 0, 1, 0, 0, 0, 0, 0, 0, 1]"
SFM_BPSK_006_007_-12dB,dual/train/signals/SFM_BPSK_006_007_-12dB.npy,SFM,BPSK,5,8,-12,0.4738415000535354,1,0,"[0, 0, 0, 0, 0, 1, 0, 0, 1, 0, 0, 0, 0, 0, 0, 1]"
SFM_BPSK_006_007_-06dB,dual/train/signals/SFM_BPSK_006_007_-06dB.npy,SFM,BPSK,5,8,-6,0.4738415000535354,1,0,"[0, 0, 0, 0, 0, 1, 0, 0, 1, 0, 0, 0, 0, 0, 0, 1]"
SFM_BPSK_006_007_+00dB,dual/train/signals/SFM_BPSK_006_007_+00dB.npy,SFM,BPSK,5,8,0,0.4738415000535354,1,0,"[0, 0, 0, 0, 0, 1, 0, 0, 1, 0, 0, 0, 0, 0, 0, 1]"
SFM_BPSK_006_007_+06dB,dual/train/signals/SFM_BPSK_006_007_+06dB.npy,SFM,BPSK,5,8,6,0.4738415000535354,1,0,"[0, 0, 0, 0, 0, 1, 0, 0, 1, 0, 0, 0, 0, 0, 0, 1]"
SFM_BPSK_006_007_+12dB,dual/train/signals/SFM_BPSK_006_007_+12dB.npy,SFM,BPSK,5,8,12,0.4738415000535354,1,0,"[0, 0, 0, 0, 0, 1, 0, 0, 1, 0, 0, 0, 0, 0, 0, 1]"
SFM_BPSK_006_007_+18dB,dual/train/signals/SFM_BPSK_006_007_+18dB.npy,SFM,BPSK,5,8,18,0.4738415000535354,1,0,"[0, 0, 0, 0, 0, 1, 0, 0, 1, 0, 0, 0, 0, 0, 0, 1]"
SFM_BPSK_007_000_-12dB,dual/train/signals/SFM_BPSK_007_000_-12dB.npy,SFM,BPSK,5,8,-12,0.32535877718459116,1,0,"[0, 0, 0, 0, 0, 1, 0, 0, 1, 0, 0, 0, 0, 0, 0, 1]"
SFM_BPSK_007_000_-06dB,dual/train/signals/SFM_BPSK_007_000_-06dB.npy,SFM,BPSK,5,8,-6,0.32535877718459116,1,0,"[0, 0, 0, 0, 0, 1, 0, 0, 1, 0, 0, 0, 0, 0, 0, 1]"
SFM_BPSK_007_000_+00dB,dual/train/signals/SFM_BPSK_007_000_+00dB.npy,SFM,BPSK,5,8,0,0.32535877718459116,1,0,"[0, 0, 0, 0, 0, 1, 0, 0, 1, 0, 0, 0, 0, 0, 0, 1]"
SFM_BPSK_007_000_+06dB,dual/train/signals/SFM_BPSK_007_000_+06dB.npy,SFM,BPSK,5,8,6,0.32535877718459116,1,0,"[0, 0, 0, 0, 0, 1, 0, 0, 1, 0, 0, 0, 0, 0, 0, 1]"
SFM_BPSK_007_000_+12dB,dual/train/signals/SFM_BPSK_007_000_+12dB.npy,SFM,BPSK,5,8,12,0.32535877718459116,1,0,"[0, 0, 0, 0, 0, 1, 0, 0, 1, 0, 0, 0, 0, 0, 0, 1]"
SFM_BPSK_007_000_+18dB,dual/train/signals/SFM_BPSK_007_000_+18dB.npy,SFM,BPSK,5,8,18,0.32535877718459116,1,0,"[0, 0, 0, 0, 0, 1, 0, 0, 1, 0, 0, 0, 0, 0, 0, 1]"
SFM_BPSK_007_001_-12dB,dual/train/signals/SFM_BPSK_007_001_-12dB.npy,SFM,BPSK,5,8,-12,0.3639673168695883,1,0,"[0, 0, 0, 0, 0, 1, 0, 0, 1, 0, 0, 0, 0, 0, 0, 1]"
SFM_BPSK_007_001_-06dB,dual/train/signals/SFM_BPSK_007_001_-06dB.npy,SFM,BPSK,5,8,-6,0.3639673168695883,1,0,"[0, 0, 0, 0, 0, 1, 0, 0, 1, 0, 0, 0, 0, 0, 0, 1]"
SFM_BPSK_007_001_+00dB,dual/train/signals/SFM_BPSK_007_001_+00dB.npy,SFM,BPSK,5,8,0,0.3639673168695883,1,0,"[0, 0, 0, 0, 0, 1, 0, 0, 1, 0, 0, 0, 0, 0, 0, 1]"
SFM_BPSK_007_001_+06dB,dual/train/signals/SFM_BPSK_007_001_+06dB.npy,SFM,BPSK,5,8,6,0.3639673168695883,1,0,"[0, 0, 0, 0, 0, 1, 0, 0, 1, 0, 0, 0, 0, 0, 0, 1]"
SFM_BPSK_007_001_+12dB,dual/train/signals/SFM_BPSK_007_001_+12dB.npy,SFM,BPSK,5,8,12,0.3639673168695883,1,0,"[0, 0, 0, 0, 0, 1, 0, 0, 1, 0, 0, 0, 0, 0, 0, 1]"
SFM_BPSK_007_001_+18dB,dual/train/signals/SFM_BPSK_007_001_+18dB.npy,SFM,BPSK,5,8,18,0.3639673168695883,1,0,"[0, 0, 0, 0, 0, 1, 0, 0, 1, 0, 0, 0, 0, 0, 0, 1]"
SFM_BPSK_007_002_-12dB,dual/train/signals/SFM_BPSK_007_002_-12dB.npy,SFM,BPSK,5,8,-12,0.432031744864587,1,0,"[0, 0, 0, 0, 0, 1, 0, 0, 1, 0, 0, 0, 0, 0, 0, 1]"
SFM_BPSK_007_002_-06dB,dual/train/signals/SFM_BPSK_007_002_-06dB.npy,SFM,BPSK,5,8,-6,0.432031744864587,1,0,"[0, 0, 0, 0, 0, 1, 0, 0, 1, 0, 0, 0, 0, 0, 0, 1]"
SFM_BPSK_007_002_+00dB,dual/train/signals/SFM_BPSK_007_002_+00dB.npy,SFM,BPSK,5,8,0,0.432031744864587,1,0,"[0, 0, 0, 0, 0, 1, 0, 0, 1, 0, 0, 0, 0, 0, 0, 1]"
SFM_BPSK_007_002_+06dB,dual/train/signals/SFM_BPSK_007_002_+06dB.npy,SFM,BPSK,5,8,6,0.432031744864587,1,0,"[0, 0, 0, 0, 0, 1, 0, 0, 1, 0, 0, 0, 0, 0, 0, 1]"
SFM_BPSK_007_002_+12dB,dual/train/signals/SFM_BPSK_007_002_+12dB.npy,SFM,BPSK,5,8,12,0.432031744864587,1,0,"[0, 0, 0, 0, 0, 1, 0, 0, 1, 0, 0, 0, 0, 0, 0, 1]"
SFM_BPSK_007_002_+18dB,dual/train/signals/SFM_BPSK_007_002_+18dB.npy,SFM,BPSK,5,8,18,0.432031744864587,1,0,"[0, 0, 0, 0, 0, 1, 0, 0, 1, 0, 0, 0, 0, 0, 0, 1]"
SFM_BPSK_007_003_-12dB,dual/train/signals/SFM_BPSK_007_003_-12dB.npy,SFM,BPSK,5,8,-12,0.34930679611164317,1,0,"[0, 0, 0, 0, 0, 1, 0, 0, 1, 0, 0, 0, 0, 0, 0, 1]"
SFM_BPSK_007_003_-06dB,dual/train/signals/SFM_BPSK_007_003_-06dB.npy,SFM,BPSK,5,8,-6,0.34930679611164317,1,0,"[0, 0, 0, 0, 0, 1, 0, 0, 1, 0, 0, 0, 0, 0, 0, 1]"
SFM_BPSK_007_003_+00dB,dual/train/signals/SFM_BPSK_007_003_+00dB.npy,SFM,BPSK,5,8,0,0.34930679611164317,1,0,"[0, 0, 0, 0, 0, 1, 0, 0, 1, 0, 0, 0, 0, 0, 0, 1]"
SFM_BPSK_007_003_+06dB,dual/train/signals/SFM_BPSK_007_003_+06dB.npy,SFM,BPSK,5,8,6,0.34930679611164317,1,0,"[0, 0, 0, 0, 0, 1, 0, 0, 1, 0, 0, 0, 0, 0, 0, 1]"
SFM_BPSK_007_003_+12dB,dual/train/signals/SFM_BPSK_007_003_+12dB.npy,SFM,BPSK,5,8,12,0.34930679611164317,1,0,"[0, 0, 0, 0, 0, 1, 0, 0, 1, 0, 0, 0, 0, 0, 0, 1]"
SFM_BPSK_007_003_+18dB,dual/train/signals/SFM_BPSK_007_003_+18dB.npy,SFM,BPSK,5,8,18,0.34930679611164317,1,0,"[0, 0, 0, 0, 0, 1, 0, 0, 1, 0, 0, 0, 0, 0, 0, 1]"
SFM_BPSK_007_004_-12dB,dual/train/signals/SFM_BPSK_007_004_-12dB.npy,SFM,BPSK,5,8,-12,0.25866428738373015,1,0,"[0, 0, 0, 0, 0, 1, 0, 0, 1, 0, 0, 0, 0, 0, 0, 1]"
SFM_BPSK_007_004_-06dB,dual/train/signals/SFM_BPSK_007_004_-06dB.npy,SFM,BPSK,5,8,-6,0.25866428738373015,1,0,"[0, 0, 0, 0, 0, 1, 0, 0, 1, 0, 0, 0, 0, 0, 0, 1]"
SFM_BPSK_007_004_+00dB,dual/train/signals/SFM_BPSK_007_004_+00dB.npy,SFM,BPSK,5,8,0,0.25866428738373015,1,0,"[0, 0, 0, 0, 0, 1, 0, 0, 1, 0, 0, 0, 0, 0, 0, 1]"
SFM_BPSK_007_004_+06dB,dual/train/signals/SFM_BPSK_007_004_+06dB.npy,SFM,BPSK,5,8,6,0.25866428738373015,1,0,"[0, 0, 0, 0, 0, 1, 0, 0, 1, 0, 0, 0, 0, 0, 0, 1]"
SFM_BPSK_007_004_+12dB,dual/train/signals/SFM_BPSK_007_004_+12dB.npy,SFM,BPSK,5,8,12,0.25866428738373015,1,0,"[0, 0, 0, 0, 0, 1, 0, 0, 1, 0, 0, 0, 0, 0, 0, 1]"
SFM_BPSK_007_004_+18dB,dual/train/signals/SFM_BPSK_007_004_+18dB.npy,SFM,BPSK,5,8,18,0.25866428738373015,1,0,"[0, 0, 0, 0, 0, 1, 0, 0, 1, 0, 0, 0, 0, 0, 0, 1]"
SFM_BPSK_007_005_-12dB,dual/train/signals/SFM_BPSK_007_005_-12dB.npy,SFM,BPSK,5,8,-12,0.42751872460999024,1,0,"[0, 0, 0, 0, 0, 1, 0, 0, 1, 0, 0, 0, 0, 0, 0, 1]"
SFM_BPSK_007_005_-06dB,dual/train/signals/SFM_BPSK_007_005_-06dB.npy,SFM,BPSK,5,8,-6,0.42751872460999024,1,0,"[0, 0, 0, 0, 0, 1, 0, 0, 1, 0, 0, 0, 0, 0, 0, 1]"
SFM_BPSK_007_005_+00dB,dual/train/signals/SFM_BPSK_007_005_+00dB.npy,SFM,BPSK,5,8,0,0.42751872460999024,1,0,"[0, 0, 0, 0, 0, 1, 0, 0, 1, 0, 0, 0, 0, 0, 0, 1]"
SFM_BPSK_007_005_+06dB,dual/train/signals/SFM_BPSK_007_005_+06dB.npy,SFM,BPSK,5,8,6,0.42751872460999024,1,0,"[0, 0, 0, 0, 0, 1, 0, 0, 1, 0, 0, 0, 0, 0, 0, 1]"
SFM_BPSK_007_005_+12dB,dual/train/signals/SFM_BPSK_007_005_+12dB.npy,SFM,BPSK,5,8,12,0.42751872460999024,1,0,"[0, 0, 0, 0, 0, 1, 0, 0, 1, 0, 0, 0, 0, 0, 0, 1]"
SFM_BPSK_007_005_+18dB,dual/train/signals/SFM_BPSK_007_005_+18dB.npy,SFM,BPSK,5,8,18,0.42751872460999024,1,0,"[0, 0, 0, 0, 0, 1, 0, 0, 1, 0, 0, 0, 0, 0, 0, 1]"
SFM_BPSK_007_006_-12dB,dual/train/signals/SFM_BPSK_007_006_-12dB.npy,SFM,BPSK,5,8,-12,0.466802345210439,1,0,"[0, 0, 0, 0, 0, 1, 0, 0, 1, 0, 0, 0, 0, 0, 0, 1]"
SFM_BPSK_007_006_-06dB,dual/train/signals/SFM_BPSK_007_006_-06dB.npy,SFM,BPSK,5,8,-6,0.466802345210439,1,0,"[0, 0, 0, 0, 0, 1, 0, 0, 1, 0, 0, 0, 0, 0, 0, 1]"
SFM_BPSK_007_006_+00dB,dual/train/signals/SFM_BPSK_007_006_+00dB.npy,SFM,BPSK,5,8,0,0.466802345210439,1,0,"[0, 0, 0, 0, 0, 1, 0, 0, 1, 0, 0, 0, 0, 0, 0, 1]"
SFM_BPSK_007_006_+06dB,dual/train/signals/SFM_BPSK_007_006_+06dB.npy,SFM,BPSK,5,8,6,0.466802345210439,1,0,"[0, 0, 0, 0, 0, 1, 0, 0, 1, 0, 0, 0, 0, 0, 0, 1]"
SFM_BPSK_007_006_+12dB,dual/train/signals/SFM_BPSK_007_006_+12dB.npy,SFM,BPSK,5,8,12,0.466802345210439,1,0,"[0, 0, 0, 0, 0, 1, 0, 0, 1, 0, 0, 0, 0, 0, 0, 1]"
SFM_BPSK_007_006_+18dB,dual/train/signals/SFM_BPSK_007_006_+18dB.npy,SFM,BPSK,5,8,18,0.466802345210439,1,0,"[0, 0, 0, 0, 0, 1, 0, 0, 1, 0, 0, 0, 0, 0, 0, 1]"
SFM_BPSK_007_007_-12dB,dual/train/signals/SFM_BPSK_007_007_-12dB.npy,SFM,BPSK,5,8,-12,0.4735932561763702,1,0,"[0, 0, 0, 0, 0, 1, 0, 0, 1, 0, 0, 0, 0, 0, 0, 1]"
SFM_BPSK_007_007_-06dB,dual/train/signals/SFM_BPSK_007_007_-06dB.npy,SFM,BPSK,5,8,-6,0.4735932561763702,1,0,"[0, 0, 0, 0, 0, 1, 0, 0, 1, 0, 0, 0, 0, 0, 0, 1]"
SFM_BPSK_007_007_+00dB,dual/train/signals/SFM_BPSK_007_007_+00dB.npy,SFM,BPSK,5,8,0,0.4735932561763702,1,0,"[0, 0, 0, 0, 0, 1, 0, 0, 1, 0, 0, 0, 0, 0, 0, 1]"
SFM_BPSK_007_007_+06dB,dual/train/signals/SFM_BPSK_007_007_+06dB.npy,SFM,BPSK,5,8,6,0.4735932561763702,1,0,"[0, 0, 0, 0, 0, 1, 0, 0, 1, 0, 0, 0, 0, 0, 0, 1]"
SFM_BPSK_007_007_+12dB,dual/train/signals/SFM_BPSK_007_007_+12dB.npy,SFM,BPSK,5,8,12,0.4735932561763702,1,0,"[0, 0, 0, 0, 0, 1, 0, 0, 1, 0, 0, 0, 0, 0, 0, 1]"
SFM_BPSK_007_007_+18dB,dual/train/signals/SFM_BPSK_007_007_+18dB.npy,SFM,BPSK,5,8,18,0.4735932561763702,1,0,"[0, 0, 0, 0, 0, 1, 0, 0, 1, 0, 0, 0, 0, 0, 0, 1]"
